student_id,school,sex,age,address,famsize,pstatus,parent_education,mjob,fjob,subject,studytime,study_time_category,failures,absences,attendance_rate,g1,g2,g3,average_grade,final_grade,pass_fail,performance_category,grade_improvement,risk_status
STU-7081F9F9,GP,F,18,U,GT3,A,Higher Education,at_home,teacher,Mathematics,2,2 to 5 hours,0,6,93.55,5,6,6,5.67,6,Fail,At-Risk,1,Medium Risk
STU-456C1019,GP,F,17,U,GT3,T,Primary (4th grade),at_home,other,Mathematics,2,2 to 5 hours,0,4,95.7,5,5,6,5.33,6,Fail,At-Risk,1,Medium Risk
STU-2E1D48C5,GP,F,15,U,LE3,T,Primary (4th grade),at_home,other,Mathematics,2,2 to 5 hours,3,10,89.25,7,8,10,8.33,10,Pass,Satisfactory,3,Medium Risk
STU-7B84202E,GP,F,15,U,GT3,T,Higher Education,health,services,Mathematics,3,5 to 10 hours,0,2,97.85,15,14,15,14.67,15,Pass,Good,0,Low Risk
STU-8F44186E,GP,F,16,U,GT3,T,Secondary Education,other,other,Mathematics,2,2 to 5 hours,0,4,95.7,6,10,10,8.67,10,Pass,Satisfactory,4,Low Risk
STU-E3F7485F,GP,M,16,U,LE3,T,Higher Education,services,other,Mathematics,2,2 to 5 hours,0,10,89.25,15,15,15,15.0,15,Pass,Good,0,Low Risk
STU-48BF80C7,GP,M,16,U,LE3,T,5th to 9th grade,other,other,Mathematics,2,2 to 5 hours,0,0,100.0,12,12,11,11.67,11,Pass,Satisfactory,-1,Low Risk
STU-0D817C3D,GP,F,17,U,GT3,A,Higher Education,other,teacher,Mathematics,2,2 to 5 hours,0,6,93.55,6,5,6,5.67,6,Fail,At-Risk,0,Medium Risk
STU-22A4FBE2,GP,M,15,U,LE3,A,Secondary Education,services,other,Mathematics,2,2 to 5 hours,0,0,100.0,16,18,19,17.67,19,Pass,Distinction,3,Low Risk
STU-15652EDE,GP,M,15,U,GT3,T,Higher Education,other,other,Mathematics,2,2 to 5 hours,0,0,100.0,14,15,15,14.67,15,Pass,Good,1,Low Risk
STU-39585AE6,GP,F,15,U,GT3,T,Higher Education,teacher,health,Mathematics,2,2 to 5 hours,0,0,100.0,10,8,9,9.0,9,Fail,At-Risk,-1,Medium Risk
STU-1F46ED13,GP,F,15,U,GT3,T,5th to 9th grade,services,other,Mathematics,3,5 to 10 hours,0,4,95.7,10,12,12,11.33,12,Pass,Satisfactory,2,Low Risk
STU-73E7FA9E,GP,M,15,U,LE3,T,Higher Education,health,services,Mathematics,1,<2 hours,0,2,97.85,14,14,14,14.0,14,Pass,Good,0,Low Risk
STU-5202D937,GP,M,15,U,GT3,T,Higher Education,teacher,other,Mathematics,2,2 to 5 hours,0,2,97.85,10,10,11,10.33,11,Pass,Satisfactory,1,Low Risk
STU-68C122A3,GP,M,15,U,GT3,A,5th to 9th grade,other,other,Mathematics,3,5 to 10 hours,0,0,100.0,14,16,16,15.33,16,Pass,Distinction,2,Low Risk
STU-F0AAADE2,GP,F,16,U,GT3,T,Higher Education,health,other,Mathematics,1,<2 hours,0,4,95.7,14,14,14,14.0,14,Pass,Good,0,Low Risk
STU-F25656AE,GP,F,16,U,GT3,T,Higher Education,services,services,Mathematics,3,5 to 10 hours,0,6,93.55,13,14,14,13.67,14,Pass,Good,1,Low Risk
STU-9EA47A4E,GP,F,16,U,GT3,T,Secondary Education,other,other,Mathematics,2,2 to 5 hours,0,4,95.7,8,10,10,9.33,10,Pass,Satisfactory,2,Low Risk
STU-503B3244,GP,M,17,U,GT3,T,Secondary Education,services,services,Mathematics,1,<2 hours,3,16,82.8,6,5,5,5.33,5,Fail,At-Risk,-1,High Risk
STU-419D39B0,GP,M,16,U,LE3,T,Higher Education,health,other,Mathematics,1,<2 hours,0,4,95.7,8,10,10,9.33,10,Pass,Satisfactory,2,Low Risk
STU-114E9CD1,GP,M,15,U,GT3,T,Higher Education,teacher,other,Mathematics,2,2 to 5 hours,0,0,100.0,13,14,15,14.0,15,Pass,Good,2,Low Risk
STU-9D0FB92A,GP,M,15,U,GT3,T,Higher Education,health,health,Mathematics,1,<2 hours,0,0,100.0,12,15,15,14.0,15,Pass,Good,3,Low Risk
STU-C936C263,GP,M,16,U,LE3,T,Higher Education,teacher,other,Mathematics,2,2 to 5 hours,0,2,97.85,15,15,16,15.33,16,Pass,Distinction,1,Low Risk
STU-AB078B4C,GP,M,16,U,LE3,T,5th to 9th grade,other,other,Mathematics,2,2 to 5 hours,0,0,100.0,13,13,12,12.67,12,Pass,Satisfactory,-1,Low Risk
STU-5DC4E551,GP,F,15,R,GT3,T,Higher Education,services,health,Mathematics,3,5 to 10 hours,0,2,97.85,10,9,8,9.0,8,Fail,At-Risk,-2,Medium Risk
STU-719CD4A4,GP,F,16,U,GT3,T,5th to 9th grade,services,services,Mathematics,1,<2 hours,2,14,84.95,6,9,8,7.67,8,Fail,At-Risk,2,High Risk
STU-6D322426,GP,M,15,U,GT3,T,5th to 9th grade,other,other,Mathematics,1,<2 hours,0,2,97.85,12,12,11,11.67,11,Pass,Satisfactory,-1,Low Risk
STU-4595E9E2,GP,M,15,U,GT3,T,Higher Education,health,services,Mathematics,1,<2 hours,0,4,95.7,15,16,15,15.33,15,Pass,Good,0,Low Risk
STU-09EA8E11,GP,M,16,U,LE3,A,Higher Education,services,other,Mathematics,2,2 to 5 hours,0,4,95.7,11,11,11,11.0,11,Pass,Satisfactory,0,Low Risk
STU-D1F6A181,GP,M,16,U,GT3,T,Higher Education,teacher,teacher,Mathematics,2,2 to 5 hours,0,16,82.8,10,12,11,11.0,11,Pass,Satisfactory,1,Medium Risk
STU-007A4610,GP,M,15,U,GT3,T,Higher Education,health,services,Mathematics,2,2 to 5 hours,0,0,100.0,9,11,12,10.67,12,Pass,Satisfactory,3,Low Risk
STU-B6B62C92,GP,M,15,U,GT3,T,Higher Education,services,services,Mathematics,2,2 to 5 hours,0,0,100.0,17,16,17,16.67,17,Pass,Distinction,0,Low Risk
STU-168BC7D4,GP,M,15,R,GT3,T,Higher Education,teacher,at_home,Mathematics,2,2 to 5 hours,0,0,100.0,17,16,16,16.33,16,Pass,Distinction,-1,Low Risk
STU-232FC95D,GP,M,15,U,LE3,T,Secondary Education,other,other,Mathematics,2,2 to 5 hours,0,0,100.0,8,10,12,10.0,12,Pass,Satisfactory,4,Low Risk
STU-0F7F1639,GP,M,16,U,GT3,T,Secondary Education,other,other,Mathematics,1,<2 hours,0,0,100.0,12,14,15,13.67,15,Pass,Good,3,Low Risk
STU-346D1ED8,GP,F,15,U,GT3,T,Secondary Education,other,other,Mathematics,1,<2 hours,0,0,100.0,8,7,6,7.0,6,Fail,At-Risk,-2,Medium Risk
STU-54B1B380,GP,M,15,U,LE3,T,Higher Education,teacher,services,Mathematics,3,5 to 10 hours,0,2,97.85,15,16,18,16.33,18,Pass,Distinction,3,Low Risk
STU-6FAAC800,GP,M,16,R,GT3,A,Higher Education,other,teacher,Mathematics,3,5 to 10 hours,0,7,92.47,15,16,15,15.33,15,Pass,Good,0,Low Risk
STU-9F641579,GP,F,15,R,GT3,T,Higher Education,services,health,Mathematics,3,5 to 10 hours,0,2,97.85,12,12,11,11.67,11,Pass,Satisfactory,-1,Low Risk
STU-5FDCA47D,GP,F,15,R,GT3,T,5th to 9th grade,at_home,other,Mathematics,1,<2 hours,0,8,91.4,14,13,13,13.33,13,Pass,Satisfactory,-1,Low Risk
STU-7615AB39,GP,F,16,U,LE3,T,5th to 9th grade,other,other,Mathematics,2,2 to 5 hours,1,25,73.12,7,10,11,9.33,11,Pass,Satisfactory,4,Medium Risk
STU-7D7B1066,GP,M,15,U,LE3,T,Higher Education,teacher,other,Mathematics,1,<2 hours,0,8,91.4,12,12,12,12.0,12,Pass,Satisfactory,0,Low Risk
STU-A563A07E,GP,M,15,U,GT3,T,Higher Education,services,teacher,Mathematics,2,2 to 5 hours,0,2,97.85,19,18,18,18.33,18,Pass,Distinction,-1,Low Risk
STU-98DBE181,GP,M,15,U,GT3,T,5th to 9th grade,services,services,Mathematics,1,<2 hours,0,0,100.0,8,8,11,9.0,11,Pass,Satisfactory,3,Low Risk
STU-9FE78E02,GP,F,16,U,LE3,T,5th to 9th grade,other,at_home,Mathematics,2,2 to 5 hours,1,14,84.95,10,10,9,9.67,9,Fail,At-Risk,-1,High Risk
STU-BD00A41C,GP,F,15,U,LE3,A,Higher Education,other,other,Mathematics,2,2 to 5 hours,0,8,91.4,8,8,6,7.33,6,Fail,At-Risk,-2,Medium Risk
STU-E1BA4C96,GP,F,16,U,LE3,A,Secondary Education,other,services,Mathematics,2,2 to 5 hours,0,12,87.1,11,12,11,11.33,11,Pass,Satisfactory,0,Medium Risk
STU-2D3C97A6,GP,M,16,U,GT3,T,Higher Education,health,services,Mathematics,4,>10 hours,0,4,95.7,19,19,20,19.33,20,Pass,Distinction,1,Low Risk
STU-B20B9336,GP,M,15,U,GT3,T,Higher Education,teacher,other,Mathematics,2,2 to 5 hours,0,2,97.85,15,15,14,14.67,14,Pass,Good,-1,Low Risk
STU-22671154,GP,F,15,U,GT3,T,Higher Education,services,teacher,Mathematics,2,2 to 5 hours,1,2,97.85,7,7,7,7.0,7,Fail,At-Risk,0,High Risk
STU-87E1D54F,GP,F,16,U,LE3,T,5th to 9th grade,services,services,Mathematics,2,2 to 5 hours,0,2,97.85,12,13,13,12.67,13,Pass,Satisfactory,1,Low Risk
STU-69114641,GP,F,15,U,LE3,T,Higher Education,health,other,Mathematics,2,2 to 5 hours,0,2,97.85,11,13,13,12.33,13,Pass,Satisfactory,2,Low Risk
STU-A50F99FB,GP,M,15,U,LE3,A,Higher Education,health,health,Mathematics,1,<2 hours,1,6,93.55,11,11,10,10.67,10,Pass,Satisfactory,-1,Medium Risk
STU-3D23468A,GP,F,15,U,GT3,T,Higher Education,services,services,Mathematics,1,<2 hours,0,0,100.0,8,10,11,9.67,11,Pass,Satisfactory,3,Low Risk
STU-B3E524BB,GP,F,15,U,LE3,A,Secondary Education,other,other,Mathematics,1,<2 hours,0,6,93.55,10,13,13,12.0,13,Pass,Satisfactory,3,Low Risk
STU-E43870D1,GP,F,16,U,GT3,A,5th to 9th grade,other,other,Mathematics,2,2 to 5 hours,0,8,91.4,8,9,10,9.0,10,Pass,Satisfactory,2,Low Risk
STU-F25C7CF0,GP,F,15,U,GT3,A,Higher Education,services,services,Mathematics,2,2 to 5 hours,0,0,100.0,14,15,15,14.67,15,Pass,Good,1,Low Risk
STU-300C102A,GP,M,15,U,GT3,T,Higher Education,teacher,health,Mathematics,2,2 to 5 hours,0,4,95.7,14,15,15,14.67,15,Pass,Good,1,Low Risk
STU-A8678075,GP,M,15,U,LE3,T,5th to 9th grade,other,at_home,Mathematics,2,2 to 5 hours,0,2,97.85,9,10,9,9.33,9,Fail,At-Risk,0,Medium Risk
STU-401BD1B7,GP,F,16,U,GT3,T,Higher Education,services,other,Mathematics,2,2 to 5 hours,0,2,97.85,15,16,16,15.67,16,Pass,Distinction,1,Low Risk
STU-0192628A,GP,F,16,R,GT3,T,Higher Education,health,teacher,Mathematics,2,2 to 5 hours,0,6,93.55,10,11,11,10.67,11,Pass,Satisfactory,1,Low Risk
STU-0BA134A2,GP,F,16,U,GT3,T,Primary (4th grade),services,services,Mathematics,1,<2 hours,0,6,93.55,10,8,11,9.67,11,Pass,Satisfactory,1,Low Risk
STU-687206FE,GP,F,16,U,LE3,T,5th to 9th grade,other,services,Mathematics,2,2 to 5 hours,0,4,95.7,8,10,9,9.0,9,Fail,At-Risk,1,Medium Risk
STU-FF9874A2,GP,F,16,U,GT3,T,Higher Education,teacher,health,Mathematics,3,5 to 10 hours,0,2,97.85,10,9,9,9.33,9,Fail,At-Risk,-1,Medium Risk
STU-5F6AA41F,GP,F,15,U,LE3,T,Higher Education,services,services,Mathematics,2,2 to 5 hours,0,0,100.0,10,10,10,10.0,10,Pass,Satisfactory,0,Low Risk
STU-A0C55580,GP,F,16,U,LE3,T,Higher Education,teacher,services,Mathematics,2,2 to 5 hours,0,2,97.85,16,15,15,15.33,15,Pass,Good,-1,Low Risk
STU-30133F89,GP,M,15,U,GT3,A,Higher Education,other,services,Mathematics,4,>10 hours,0,4,95.7,13,13,12,12.67,12,Pass,Satisfactory,-1,Low Risk
STU-0D15B186,GP,F,16,U,GT3,T,Secondary Education,services,other,Mathematics,4,>10 hours,0,4,95.7,7,7,6,6.67,6,Fail,At-Risk,-1,Medium Risk
STU-C2DED612,GP,F,15,R,LE3,T,5th to 9th grade,health,services,Mathematics,2,2 to 5 hours,0,2,97.85,8,9,8,8.33,8,Fail,At-Risk,0,Medium Risk
STU-5937C88F,GP,F,15,R,LE3,T,Secondary Education,other,other,Mathematics,4,>10 hours,0,12,87.1,16,16,16,16.0,16,Pass,Distinction,0,Medium Risk
STU-D87B8E95,GP,M,16,U,GT3,T,Secondary Education,other,other,Mathematics,4,>10 hours,0,0,100.0,13,15,15,14.33,15,Pass,Good,2,Low Risk
STU-E74C1FCA,GP,M,15,U,GT3,T,Higher Education,other,other,Mathematics,4,>10 hours,0,0,100.0,10,10,10,10.0,10,Pass,Satisfactory,0,Low Risk
STU-F0400DDC,GP,F,15,R,GT3,T,Primary (4th grade),other,other,Mathematics,2,2 to 5 hours,2,2,97.85,8,6,5,6.33,5,Fail,At-Risk,-3,High Risk
STU-5BDD2FB3,GP,M,16,U,GT3,T,Secondary Education,other,other,Mathematics,1,<2 hours,0,2,97.85,12,12,14,12.67,14,Pass,Good,2,Low Risk
STU-E0D89C36,GP,F,16,U,GT3,T,Secondary Education,other,services,Mathematics,2,2 to 5 hours,0,54,41.94,11,12,11,11.33,11,Pass,Satisfactory,0,Medium Risk
STU-98ED6E9D,GP,M,15,U,GT3,T,Higher Education,teacher,other,Mathematics,2,2 to 5 hours,0,6,93.55,9,9,10,9.33,10,Pass,Satisfactory,1,Low Risk
STU-6681E7A7,GP,M,15,U,GT3,T,Higher Education,teacher,other,Mathematics,4,>10 hours,0,8,91.4,11,11,10,10.67,10,Pass,Satisfactory,-1,Low Risk
STU-0A3D4FF8,GP,F,16,U,GT3,T,5th to 9th grade,other,other,Mathematics,4,>10 hours,0,0,100.0,11,11,11,11.0,11,Pass,Satisfactory,0,Low Risk
STU-69668EB0,GP,M,17,U,GT3,T,5th to 9th grade,other,other,Mathematics,1,<2 hours,3,2,97.85,8,8,10,8.67,10,Pass,Satisfactory,2,Medium Risk
STU-DBD7451A,GP,F,16,U,GT3,T,Higher Education,at_home,other,Mathematics,2,2 to 5 hours,0,12,87.1,5,5,5,5.0,5,Fail,At-Risk,0,High Risk
STU-C265FABC,GP,M,15,U,GT3,T,Secondary Education,other,services,Mathematics,1,<2 hours,0,2,97.85,10,12,12,11.33,12,Pass,Satisfactory,2,Low Risk
STU-63A420DB,GP,M,15,U,GT3,T,Secondary Education,other,other,Mathematics,3,5 to 10 hours,0,4,95.7,11,10,11,10.67,11,Pass,Satisfactory,0,Low Risk
STU-FEFC7BE8,GP,F,15,U,LE3,T,Secondary Education,services,other,Mathematics,2,2 to 5 hours,0,10,89.25,7,6,6,6.33,6,Fail,At-Risk,-1,Medium Risk
STU-A0D4610E,GP,M,15,U,LE3,T,5th to 9th grade,services,services,Mathematics,2,2 to 5 hours,0,4,95.7,15,15,15,15.0,15,Pass,Good,0,Low Risk
STU-18A00DB2,GP,F,15,U,GT3,T,Primary (4th grade),other,other,Mathematics,2,2 to 5 hours,0,2,97.85,9,10,10,9.67,10,Pass,Satisfactory,1,Low Risk
STU-85EF4016,GP,F,15,U,GT3,T,Higher Education,services,services,Mathematics,2,2 to 5 hours,2,6,93.55,7,9,8,8.0,8,Fail,At-Risk,1,High Risk
STU-06CAEA8E,GP,F,16,U,LE3,T,5th to 9th grade,at_home,other,Mathematics,2,2 to 5 hours,0,4,95.7,8,7,6,7.0,6,Fail,At-Risk,-2,Medium Risk
STU-610CC2D9,GP,F,15,U,GT3,T,Higher Education,other,other,Mathematics,3,5 to 10 hours,0,4,95.7,13,14,14,13.67,14,Pass,Good,1,Low Risk
STU-9BB406DC,GP,M,16,U,GT3,T,5th to 9th grade,services,other,Mathematics,2,2 to 5 hours,1,12,87.1,11,10,10,10.33,10,Pass,Satisfactory,-1,Medium Risk
STU-794660FB,GP,M,16,U,LE3,A,Higher Education,teacher,health,Mathematics,2,2 to 5 hours,0,18,80.65,8,6,7,7.0,7,Fail,At-Risk,-1,High Risk
STU-9DF9B249,GP,F,16,U,GT3,T,Secondary Education,other,other,Mathematics,3,5 to 10 hours,0,0,100.0,7,7,8,7.33,8,Fail,At-Risk,1,Medium Risk
STU-A6E6FD26,GP,F,15,U,GT3,T,Higher Education,services,other,Mathematics,1,<2 hours,0,4,95.7,16,17,18,17.0,18,Pass,Distinction,2,Low Risk
STU-EEF94D78,GP,F,16,U,LE3,T,Secondary Education,other,other,Mathematics,2,2 to 5 hours,0,4,95.7,7,6,6,6.33,6,Fail,At-Risk,-1,Medium Risk
STU-E4B6DF55,GP,F,16,U,GT3,T,Higher Education,teacher,services,Mathematics,2,2 to 5 hours,0,0,100.0,11,10,10,10.33,10,Pass,Satisfactory,-1,Low Risk
STU-93EB2F14,GP,M,15,U,LE3,T,5th to 9th grade,services,health,Mathematics,4,>10 hours,0,6,93.55,11,13,14,12.67,14,Pass,Good,3,Low Risk
STU-75EFED09,GP,F,15,R,GT3,T,Primary (4th grade),at_home,other,Mathematics,4,>10 hours,1,2,97.85,7,10,10,9.0,10,Pass,Satisfactory,3,Medium Risk
STU-46ADB2CE,GP,M,16,R,GT3,T,Higher Education,services,other,Mathematics,1,<2 hours,0,2,97.85,11,15,15,13.67,15,Pass,Good,4,Low Risk
STU-03E8CAC7,GP,F,16,U,GT3,T,5th to 9th grade,other,other,Mathematics,2,2 to 5 hours,0,2,97.85,8,9,10,9.0,10,Pass,Satisfactory,2,Low Risk
STU-EEBCF729,GP,F,16,U,GT3,T,Higher Education,other,other,Mathematics,1,<2 hours,0,6,93.55,11,14,14,13.0,14,Pass,Good,3,Low Risk
STU-9520AD4E,GP,F,16,U,GT3,T,Higher Education,other,at_home,Mathematics,3,5 to 10 hours,0,0,100.0,7,9,8,8.0,8,Fail,At-Risk,1,Medium Risk
STU-F3C0B480,GP,M,16,U,GT3,T,Higher Education,services,services,Mathematics,1,<2 hours,0,14,84.95,7,7,5,6.33,5,Fail,At-Risk,-2,High Risk
STU-03237CBA,GP,M,16,U,GT3,T,Higher Education,services,teacher,Mathematics,3,5 to 10 hours,0,0,100.0,16,17,17,16.67,17,Pass,Distinction,1,Low Risk
STU-23F7C36E,GP,M,15,U,GT3,T,Higher Education,services,other,Mathematics,1,<2 hours,0,4,95.7,10,13,14,12.33,14,Pass,Good,4,Low Risk
STU-60D2AE52,GP,F,15,U,GT3,T,Secondary Education,services,other,Mathematics,2,2 to 5 hours,0,26,72.04,7,6,6,6.33,6,Fail,At-Risk,-1,High Risk
STU-8C34293B,GP,M,15,U,GT3,A,Higher Education,services,other,Mathematics,2,2 to 5 hours,0,0,100.0,16,18,18,17.33,18,Pass,Distinction,2,Low Risk
STU-44EF5F3E,GP,F,15,U,GT3,A,Secondary Education,other,health,Mathematics,4,>10 hours,0,10,89.25,10,11,11,10.67,11,Pass,Satisfactory,1,Low Risk
STU-18B8E9FD,GP,F,15,U,GT3,T,5th to 9th grade,other,other,Mathematics,4,>10 hours,0,8,91.4,7,8,8,7.67,8,Fail,At-Risk,1,Medium Risk
STU-89274968,GP,M,16,U,GT3,T,Secondary Education,services,other,Mathematics,3,5 to 10 hours,0,2,97.85,16,18,18,17.33,18,Pass,Distinction,2,Low Risk
STU-ABFA4D58,GP,M,15,R,GT3,T,Higher Education,other,other,Mathematics,4,>10 hours,0,6,93.55,10,13,13,12.0,13,Pass,Satisfactory,3,Low Risk
STU-D0F198AC,GP,F,16,U,LE3,T,Higher Education,health,health,Mathematics,3,5 to 10 hours,0,4,95.7,14,15,16,15.0,16,Pass,Distinction,2,Low Risk
STU-63B707DA,GP,M,15,U,LE3,A,Higher Education,teacher,teacher,Mathematics,1,<2 hours,0,6,93.55,18,19,19,18.67,19,Pass,Distinction,1,Low Risk
STU-945AD5F8,GP,F,16,R,GT3,T,Secondary Education,services,other,Mathematics,3,5 to 10 hours,1,0,100.0,7,10,10,9.0,10,Pass,Satisfactory,3,Medium Risk
STU-281EA029,GP,F,16,U,GT3,T,5th to 9th grade,at_home,other,Mathematics,2,2 to 5 hours,1,6,93.55,10,13,13,12.0,13,Pass,Satisfactory,3,Medium Risk
STU-225F3192,GP,M,15,U,LE3,T,Higher Education,teacher,other,Mathematics,1,<2 hours,0,10,89.25,18,19,19,18.67,19,Pass,Distinction,1,Low Risk
STU-90B77E7D,GP,M,15,R,GT3,T,5th to 9th grade,health,services,Mathematics,2,2 to 5 hours,0,8,91.4,9,9,9,9.0,9,Fail,At-Risk,0,Medium Risk
STU-11690B74,GP,M,16,U,GT3,T,Higher Education,teacher,teacher,Mathematics,2,2 to 5 hours,0,2,97.85,15,15,16,15.33,16,Pass,Distinction,1,Low Risk
STU-C0C6373F,GP,M,15,U,GT3,T,Higher Education,other,teacher,Mathematics,2,2 to 5 hours,0,2,97.85,11,13,14,12.67,14,Pass,Good,3,Low Risk
STU-F4216162,GP,M,16,U,GT3,T,Secondary Education,other,services,Mathematics,1,<2 hours,0,0,100.0,13,14,13,13.33,13,Pass,Satisfactory,0,Low Risk
STU-F4475577,GP,M,17,R,GT3,T,Secondary Education,other,other,Mathematics,2,2 to 5 hours,1,20,78.49,9,7,8,8.0,8,Fail,At-Risk,-1,High Risk
STU-C98B1F12,GP,M,15,U,GT3,T,Higher Education,other,other,Mathematics,1,<2 hours,0,6,93.55,14,13,13,13.33,13,Pass,Satisfactory,-1,Low Risk
STU-951DF931,GP,F,15,U,GT3,T,5th to 9th grade,at_home,services,Mathematics,2,2 to 5 hours,0,2,97.85,16,15,15,15.33,15,Pass,Good,-1,Low Risk
STU-4450B4D0,GP,M,15,U,GT3,T,5th to 9th grade,services,services,Mathematics,4,>10 hours,0,6,93.55,16,14,15,15.0,15,Pass,Good,-1,Low Risk
STU-1E9EAC45,GP,F,16,U,LE3,T,Higher Education,other,health,Mathematics,2,2 to 5 hours,0,2,97.85,13,13,13,13.0,13,Pass,Satisfactory,0,Low Risk
STU-DAAA60A0,GP,M,16,U,GT3,T,Higher Education,health,other,Mathematics,1,<2 hours,0,18,80.65,14,11,13,12.67,13,Pass,Satisfactory,-1,Medium Risk
STU-AA8D33B7,GP,F,16,U,GT3,T,5th to 9th grade,other,other,Mathematics,2,2 to 5 hours,0,0,100.0,8,7,8,7.67,8,Fail,At-Risk,0,Medium Risk
STU-3CAF5445,GP,M,15,U,GT3,T,Higher Education,services,services,Mathematics,1,<2 hours,0,0,100.0,13,13,12,12.67,12,Pass,Satisfactory,-1,Low Risk
STU-0D20982C,GP,F,15,U,LE3,A,Higher Education,other,other,Mathematics,2,2 to 5 hours,0,0,100.0,7,10,11,9.33,11,Pass,Satisfactory,4,Low Risk
STU-90AC2BB0,GP,F,19,U,GT3,T,Primary (4th grade),at_home,other,Mathematics,2,2 to 5 hours,3,2,97.85,7,8,9,8.0,9,Fail,At-Risk,2,High Risk
STU-83771651,GP,M,18,R,GT3,T,5th to 9th grade,services,other,Mathematics,1,<2 hours,2,0,100.0,7,4,0,3.67,0,Fail,At-Risk,-7,High Risk
STU-8937BE7E,GP,M,16,R,GT3,T,Higher Education,teacher,teacher,Mathematics,1,<2 hours,0,8,91.4,18,18,18,18.0,18,Pass,Distinction,0,Low Risk
STU-E2ECAE54,GP,F,15,R,GT3,T,Higher Education,services,teacher,Mathematics,3,5 to 10 hours,2,0,100.0,12,0,0,4.0,0,Fail,At-Risk,-12,High Risk
STU-B681FE76,GP,F,15,U,GT3,T,Primary (4th grade),at_home,other,Mathematics,1,<2 hours,0,0,100.0,8,0,0,2.67,0,Fail,At-Risk,-8,Medium Risk
STU-2062C61C,GP,F,17,U,LE3,T,5th to 9th grade,other,other,Mathematics,1,<2 hours,0,12,87.1,10,13,12,11.67,12,Pass,Satisfactory,2,Medium Risk
STU-EB3589B5,GP,F,16,U,GT3,A,Higher Education,services,other,Mathematics,1,<2 hours,0,16,82.8,12,11,11,11.33,11,Pass,Satisfactory,-1,Medium Risk
STU-60E1C036,GP,M,15,R,GT3,T,Higher Education,at_home,teacher,Mathematics,2,2 to 5 hours,0,0,100.0,9,0,0,3.0,0,Fail,At-Risk,-9,Medium Risk
STU-A823FE17,GP,F,15,U,GT3,T,Higher Education,services,at_home,Mathematics,3,5 to 10 hours,0,0,100.0,11,0,0,3.67,0,Fail,At-Risk,-11,Medium Risk
STU-77852A18,GP,M,17,R,GT3,T,Higher Education,at_home,other,Mathematics,2,2 to 5 hours,0,0,100.0,10,0,0,3.33,0,Fail,At-Risk,-10,Medium Risk
STU-E1DECCF8,GP,F,16,U,GT3,A,Secondary Education,other,other,Mathematics,1,<2 hours,2,0,100.0,4,0,0,1.33,0,Fail,At-Risk,-4,High Risk
STU-A5F1F649,GP,M,16,U,LE3,T,Primary (4th grade),services,other,Mathematics,2,2 to 5 hours,1,0,100.0,14,12,12,12.67,12,Pass,Satisfactory,-2,Medium Risk
STU-69D23BE3,GP,F,15,U,GT3,T,Higher Education,teacher,teacher,Mathematics,1,<2 hours,0,0,100.0,16,16,15,15.67,15,Pass,Good,-1,Low Risk
STU-5D8F9A50,GP,M,15,U,GT3,T,Higher Education,teacher,services,Mathematics,4,>10 hours,0,0,100.0,7,9,0,5.33,0,Fail,At-Risk,-7,Medium Risk
STU-F10E7CA7,GP,M,16,U,LE3,T,5th to 9th grade,services,services,Mathematics,1,<2 hours,2,8,91.4,9,9,9,9.0,9,Fail,At-Risk,0,High Risk
STU-D82D98E2,GP,F,15,U,GT3,T,Higher Education,teacher,services,Mathematics,3,5 to 10 hours,0,2,97.85,9,11,11,10.33,11,Pass,Satisfactory,2,Low Risk
STU-D062DEF0,GP,F,16,U,LE3,T,Primary (4th grade),at_home,at_home,Mathematics,1,<2 hours,0,2,97.85,14,14,13,13.67,13,Pass,Satisfactory,-1,Low Risk
STU-B512432D,GP,F,15,U,GT3,T,Primary (4th grade),other,services,Mathematics,2,2 to 5 hours,0,0,100.0,8,11,11,10.0,11,Pass,Satisfactory,3,Low Risk
STU-3B5D435F,GP,F,15,U,GT3,T,Secondary Education,health,services,Mathematics,2,2 to 5 hours,3,0,100.0,6,7,0,4.33,0,Fail,At-Risk,-6,High Risk
STU-82865406,GP,F,15,U,GT3,T,5th to 9th grade,at_home,other,Mathematics,2,2 to 5 hours,0,2,97.85,10,11,11,10.67,11,Pass,Satisfactory,1,Low Risk
STU-632BF98A,GP,M,15,U,LE3,A,5th to 9th grade,services,other,Mathematics,1,<2 hours,3,0,100.0,8,9,10,9.0,10,Pass,Satisfactory,2,Medium Risk
STU-6C6F63DD,GP,M,18,U,LE3,T,Primary (4th grade),other,other,Mathematics,1,<2 hours,3,0,100.0,6,5,0,3.67,0,Fail,At-Risk,-6,High Risk
STU-ABEE31ED,GP,M,16,U,LE3,T,5th to 9th grade,at_home,other,Mathematics,1,<2 hours,1,6,93.55,12,13,14,13.0,14,Pass,Good,2,Medium Risk
STU-4431EC67,GP,F,15,R,GT3,T,Secondary Education,services,services,Mathematics,3,5 to 10 hours,2,8,91.4,10,10,10,10.0,10,Pass,Satisfactory,0,Medium Risk
STU-82460453,GP,M,19,U,GT3,T,Secondary Education,services,at_home,Mathematics,1,<2 hours,3,0,100.0,5,0,0,1.67,0,Fail,At-Risk,-5,High Risk
STU-DF320FB3,GP,F,17,U,GT3,T,Higher Education,other,teacher,Mathematics,1,<2 hours,0,0,100.0,11,11,12,11.33,12,Pass,Satisfactory,1,Low Risk
STU-17618AFF,GP,M,15,R,GT3,T,Secondary Education,at_home,services,Mathematics,2,2 to 5 hours,0,2,97.85,11,8,8,9.0,8,Fail,At-Risk,-3,Medium Risk
STU-08AEF502,GP,M,17,R,LE3,T,5th to 9th grade,other,other,Mathematics,1,<2 hours,0,8,91.4,16,12,13,13.67,13,Pass,Satisfactory,-3,Low Risk
STU-3D082156,GP,F,18,R,GT3,T,Primary (4th grade),at_home,other,Mathematics,1,<2 hours,3,6,93.55,9,8,10,9.0,10,Pass,Satisfactory,1,Medium Risk
STU-119777A5,GP,M,16,R,GT3,T,5th to 9th grade,at_home,other,Mathematics,1,<2 hours,0,2,97.85,17,15,15,15.67,15,Pass,Good,-2,Low Risk
STU-28925959,GP,M,16,U,GT3,T,Secondary Education,other,services,Mathematics,2,2 to 5 hours,1,4,95.7,10,12,12,11.33,12,Pass,Satisfactory,2,Medium Risk
STU-DA9E5C08,GP,M,17,R,LE3,T,5th to 9th grade,at_home,other,Mathematics,1,<2 hours,2,0,100.0,7,6,0,4.33,0,Fail,At-Risk,-7,High Risk
STU-5D33127B,GP,M,15,R,GT3,T,Secondary Education,other,other,Mathematics,2,2 to 5 hours,2,6,93.55,5,9,7,7.0,7,Fail,At-Risk,2,High Risk
STU-AF887F37,GP,M,16,U,LE3,T,5th to 9th grade,other,other,Mathematics,1,<2 hours,1,0,100.0,7,0,0,2.33,0,Fail,At-Risk,-7,High Risk
STU-101E946A,GP,M,17,U,GT3,T,Secondary Education,at_home,services,Mathematics,1,<2 hours,0,2,97.85,10,10,10,10.0,10,Pass,Satisfactory,0,Low Risk
STU-BBAFAF13,GP,M,17,R,LE3,T,Primary (4th grade),other,services,Mathematics,2,2 to 5 hours,3,0,100.0,5,8,7,6.67,7,Fail,At-Risk,2,High Risk
STU-754B2702,GP,M,16,U,GT3,T,Secondary Education,services,services,Mathematics,1,<2 hours,1,16,82.8,12,11,12,11.67,12,Pass,Satisfactory,0,Medium Risk
STU-785C0BE2,GP,M,16,U,GT3,T,5th to 9th grade,other,other,Mathematics,2,2 to 5 hours,0,4,95.7,10,10,10,10.0,10,Pass,Satisfactory,0,Low Risk
STU-E15E3EC8,GP,F,16,U,GT3,T,Higher Education,health,services,Mathematics,2,2 to 5 hours,0,0,100.0,14,15,16,15.0,16,Pass,Distinction,2,Low Risk
STU-7AF39DAA,GP,F,16,U,GT3,T,5th to 9th grade,other,other,Mathematics,2,2 to 5 hours,0,0,100.0,6,7,0,4.33,0,Fail,At-Risk,-6,Medium Risk
STU-05500DAB,GP,F,16,U,GT3,T,Higher Education,health,health,Mathematics,2,2 to 5 hours,0,0,100.0,14,14,14,14.0,14,Pass,Good,0,Low Risk
STU-CE66669F,GP,M,16,U,GT3,T,Higher Education,other,other,Mathematics,1,<2 hours,2,0,100.0,6,5,0,3.67,0,Fail,At-Risk,-6,High Risk
STU-685FCE56,GP,M,16,U,GT3,T,Primary (4th grade),other,other,Mathematics,2,2 to 5 hours,0,2,97.85,13,15,16,14.67,16,Pass,Distinction,3,Low Risk
STU-F79B62BD,GP,M,17,U,LE3,T,Higher Education,teacher,other,Mathematics,2,2 to 5 hours,0,0,100.0,13,11,10,11.33,10,Pass,Satisfactory,-3,Low Risk
STU-449A60F3,GP,F,16,U,GT3,T,Secondary Education,at_home,services,Mathematics,2,2 to 5 hours,3,0,100.0,8,7,0,5.0,0,Fail,At-Risk,-8,High Risk
STU-0256B23F,GP,F,16,U,LE3,T,Secondary Education,other,other,Mathematics,2,2 to 5 hours,0,4,95.7,10,11,9,10.0,9,Fail,At-Risk,-1,Medium Risk
STU-133463C2,GP,M,17,U,LE3,T,Higher Education,teacher,other,Mathematics,2,2 to 5 hours,0,4,95.7,10,9,9,9.33,9,Fail,At-Risk,-1,Medium Risk
STU-D0D98679,GP,F,16,U,GT3,T,5th to 9th grade,services,other,Mathematics,2,2 to 5 hours,0,2,97.85,13,13,11,12.33,11,Pass,Satisfactory,-2,Low Risk
STU-A9CD44A2,GP,M,17,U,GT3,T,Secondary Education,other,other,Mathematics,2,2 to 5 hours,0,4,95.7,6,5,6,5.67,6,Fail,At-Risk,0,Medium Risk
STU-28B0A0EB,GP,M,16,R,GT3,T,Higher Education,teacher,services,Mathematics,1,<2 hours,0,10,89.25,10,8,9,9.0,9,Fail,At-Risk,-1,Medium Risk
STU-EA531AD3,GP,M,17,U,GT3,T,Higher Education,other,other,Mathematics,2,2 to 5 hours,0,4,95.7,10,10,11,10.33,11,Pass,Satisfactory,1,Low Risk
STU-CF3B0A6D,GP,M,16,U,GT3,T,Higher Education,teacher,other,Mathematics,2,2 to 5 hours,0,10,89.25,9,8,8,8.33,8,Fail,At-Risk,-1,Medium Risk
STU-AD5ED40A,GP,F,17,U,GT3,T,Higher Education,services,services,Mathematics,2,2 to 5 hours,0,0,100.0,16,17,17,16.67,17,Pass,Distinction,1,Low Risk
STU-6DCF56F1,GP,F,17,U,LE3,T,Secondary Education,other,other,Mathematics,2,2 to 5 hours,0,56,39.78,9,9,8,8.67,8,Fail,At-Risk,-1,High Risk
STU-C8BEF087,GP,F,16,U,GT3,T,Secondary Education,other,other,Mathematics,2,2 to 5 hours,0,14,84.95,12,13,12,12.33,12,Pass,Satisfactory,0,Medium Risk
STU-0A8917A8,GP,M,17,U,GT3,T,Secondary Education,services,services,Mathematics,2,2 to 5 hours,0,12,87.1,12,12,11,11.67,11,Pass,Satisfactory,-1,Medium Risk
STU-A264454B,GP,M,16,U,GT3,T,5th to 9th grade,services,services,Mathematics,1,<2 hours,0,2,97.85,11,12,11,11.33,11,Pass,Satisfactory,0,Low Risk
STU-21326CB6,GP,M,16,U,LE3,T,5th to 9th grade,other,other,Mathematics,2,2 to 5 hours,0,0,100.0,15,15,15,15.0,15,Pass,Good,0,Low Risk
STU-F1A11A40,GP,F,17,U,GT3,A,Secondary Education,health,other,Mathematics,2,2 to 5 hours,0,6,93.55,8,7,9,8.0,9,Fail,At-Risk,1,Medium Risk
STU-548680C9,GP,M,17,R,GT3,T,5th to 9th grade,at_home,other,Mathematics,2,2 to 5 hours,0,4,95.7,8,9,10,9.0,10,Pass,Satisfactory,2,Low Risk
STU-A47A6B49,GP,F,16,U,GT3,T,Secondary Education,services,services,Mathematics,2,2 to 5 hours,0,10,89.25,11,12,13,12.0,13,Pass,Satisfactory,2,Low Risk
STU-B42126A7,GP,F,17,U,GT3,T,Primary (4th grade),at_home,services,Mathematics,2,2 to 5 hours,0,0,100.0,8,8,9,8.33,9,Fail,At-Risk,1,Medium Risk
STU-F4073123,GP,M,17,U,GT3,T,5th to 9th grade,at_home,services,Mathematics,2,2 to 5 hours,0,12,87.1,7,8,8,7.67,8,Fail,At-Risk,1,High Risk
STU-494C9799,GP,M,16,R,GT3,T,Secondary Education,services,services,Mathematics,1,<2 hours,0,8,91.4,8,9,10,9.0,10,Pass,Satisfactory,2,Low Risk
STU-07B44D91,GP,M,16,U,GT3,T,Secondary Education,other,other,Mathematics,1,<2 hours,0,0,100.0,13,14,14,13.67,14,Pass,Good,1,Low Risk
STU-CB5D7ADB,GP,F,17,U,LE3,T,Higher Education,services,services,Mathematics,2,2 to 5 hours,0,0,100.0,14,15,15,14.67,15,Pass,Good,1,Low Risk
STU-64359A7E,GP,M,17,U,GT3,T,Higher Education,services,teacher,Mathematics,1,<2 hours,0,4,95.7,17,15,16,16.0,16,Pass,Distinction,-1,Low Risk
STU-597B5529,GP,M,16,R,LE3,T,Secondary Education,teacher,other,Mathematics,1,<2 hours,0,8,91.4,9,9,10,9.33,10,Pass,Satisfactory,1,Low Risk
STU-D0A23D7D,GP,F,17,U,GT3,T,Higher Education,services,teacher,Mathematics,1,<2 hours,1,24,74.19,18,18,18,18.0,18,Pass,Distinction,0,Medium Risk
STU-C3D573AC,GP,F,16,U,LE3,T,Higher Education,teacher,teacher,Mathematics,2,2 to 5 hours,0,0,100.0,9,9,10,9.33,10,Pass,Satisfactory,1,Low Risk
STU-B9438DC5,GP,F,16,U,GT3,T,Higher Education,health,other,Mathematics,2,2 to 5 hours,0,2,97.85,16,16,16,16.0,16,Pass,Distinction,0,Low Risk
STU-E9333265,GP,F,16,U,GT3,T,Secondary Education,other,other,Mathematics,2,2 to 5 hours,0,6,93.55,8,10,10,9.33,10,Pass,Satisfactory,2,Low Risk
STU-CA973392,GP,F,17,U,GT3,T,Primary (4th grade),other,other,Mathematics,2,2 to 5 hours,0,4,95.7,9,9,10,9.33,10,Pass,Satisfactory,1,Low Risk
STU-A241D719,GP,F,17,R,GT3,T,5th to 9th grade,other,other,Mathematics,1,<2 hours,0,18,80.65,7,6,6,6.33,6,Fail,At-Risk,-1,High Risk
STU-5CFACFC5,GP,F,16,R,GT3,T,5th to 9th grade,services,services,Mathematics,4,>10 hours,0,6,93.55,10,10,11,10.33,11,Pass,Satisfactory,1,Low Risk
STU-755EA237,GP,F,17,U,GT3,T,Higher Education,at_home,services,Mathematics,3,5 to 10 hours,1,28,69.89,10,9,9,9.33,9,Fail,At-Risk,-1,High Risk
STU-B25B0B8A,GP,F,16,U,GT3,A,Secondary Education,services,other,Mathematics,2,2 to 5 hours,3,5,94.62,7,7,7,7.0,7,Fail,At-Risk,0,High Risk
STU-A9D0EC5B,GP,F,16,U,GT3,T,Higher Education,teacher,other,Mathematics,2,2 to 5 hours,0,10,89.25,11,12,13,12.0,13,Pass,Satisfactory,2,Low Risk
STU-A209EC8B,GP,F,16,U,GT3,T,Primary (4th grade),at_home,other,Mathematics,1,<2 hours,0,6,93.55,9,9,10,9.33,10,Pass,Satisfactory,1,Low Risk
STU-2DCA2DBA,GP,F,17,R,GT3,T,Higher Education,teacher,other,Mathematics,3,5 to 10 hours,0,6,93.55,7,7,7,7.0,7,Fail,At-Risk,0,Medium Risk
STU-2E15ECC6,GP,F,19,U,GT3,T,Secondary Education,other,other,Mathematics,4,>10 hours,0,10,89.25,8,8,8,8.0,8,Fail,At-Risk,0,Medium Risk
STU-94376763,GP,M,17,U,LE3,T,Higher Education,services,other,Mathematics,2,2 to 5 hours,0,13,86.02,12,12,13,12.33,13,Pass,Satisfactory,1,Medium Risk
STU-F1AC58BF,GP,F,16,U,GT3,A,5th to 9th grade,other,other,Mathematics,2,2 to 5 hours,0,0,100.0,12,13,14,13.0,14,Pass,Good,2,Low Risk
STU-03C760E9,GP,M,18,U,GT3,T,5th to 9th grade,services,other,Mathematics,2,2 to 5 hours,1,15,83.87,6,7,8,7.0,8,Fail,At-Risk,2,High Risk
STU-8AEA16C1,GP,F,17,R,LE3,T,Higher Education,services,other,Mathematics,1,<2 hours,0,12,87.1,8,10,10,9.33,10,Pass,Satisfactory,2,Medium Risk
STU-A0CB416D,GP,F,17,U,LE3,T,Secondary Education,other,other,Mathematics,2,2 to 5 hours,0,2,97.85,14,15,15,14.67,15,Pass,Good,1,Low Risk
STU-0298B413,GP,F,17,U,GT3,T,Higher Education,other,other,Mathematics,2,2 to 5 hours,2,22,76.34,6,6,4,5.33,4,Fail,At-Risk,-2,High Risk
STU-C5AA3FF9,GP,M,18,U,LE3,T,Secondary Education,services,health,Mathematics,2,2 to 5 hours,1,13,86.02,6,6,8,6.67,8,Fail,At-Risk,2,High Risk
STU-AFAE430B,GP,F,17,U,GT3,T,Secondary Education,at_home,other,Mathematics,1,<2 hours,0,3,96.77,7,7,8,7.33,8,Fail,At-Risk,1,Medium Risk
STU-5E06A373,GP,F,17,U,GT3,T,5th to 9th grade,at_home,at_home,Mathematics,3,5 to 10 hours,0,4,95.7,9,10,10,9.67,10,Pass,Satisfactory,1,Low Risk
STU-DDFFE179,GP,F,17,R,GT3,T,5th to 9th grade,at_home,services,Mathematics,2,2 to 5 hours,0,2,97.85,6,6,6,6.0,6,Fail,At-Risk,0,Medium Risk
STU-952AD2DE,GP,F,17,U,GT3,T,Primary (4th grade),at_home,other,Mathematics,3,5 to 10 hours,1,0,100.0,6,5,0,3.67,0,Fail,At-Risk,-6,High Risk
STU-606A0FF9,GP,F,16,U,GT3,T,Secondary Education,services,teacher,Mathematics,2,2 to 5 hours,0,2,97.85,16,16,17,16.33,17,Pass,Distinction,1,Low Risk
STU-B77CE589,GP,M,18,U,GT3,T,5th to 9th grade,other,other,Mathematics,2,2 to 5 hours,0,0,100.0,12,13,13,12.67,13,Pass,Satisfactory,1,Low Risk
STU-F782029E,GP,F,16,U,GT3,T,Higher Education,teacher,services,Mathematics,3,5 to 10 hours,0,0,100.0,13,13,14,13.33,14,Pass,Good,1,Low Risk
STU-BFAD3F0C,GP,F,18,R,GT3,T,Secondary Education,other,other,Mathematics,2,2 to 5 hours,1,16,82.8,9,8,7,8.0,7,Fail,At-Risk,-2,High Risk
STU-ACF9A61B,GP,F,17,U,GT3,T,Secondary Education,other,other,Mathematics,2,2 to 5 hours,0,10,89.25,16,15,15,15.33,15,Pass,Good,-1,Low Risk
STU-03EBED53,GP,M,17,U,LE3,T,Secondary Education,services,services,Mathematics,2,2 to 5 hours,0,2,97.85,12,11,12,11.67,12,Pass,Satisfactory,0,Low Risk
STU-1CA24876,GP,M,18,U,LE3,T,5th to 9th grade,at_home,other,Mathematics,2,2 to 5 hours,0,14,84.95,10,8,9,9.0,9,Fail,At-Risk,-1,High Risk
STU-8E2F6D85,GP,F,17,U,GT3,A,5th to 9th grade,other,other,Mathematics,3,5 to 10 hours,0,10,89.25,12,10,12,11.33,12,Pass,Satisfactory,0,Low Risk
STU-AD672812,GP,F,17,U,LE3,T,Higher Education,health,other,Mathematics,2,2 to 5 hours,0,14,84.95,13,13,14,13.33,14,Pass,Good,1,Medium Risk
STU-B31BF7A8,GP,M,17,R,GT3,T,5th to 9th grade,other,other,Mathematics,2,2 to 5 hours,0,4,95.7,11,11,11,11.0,11,Pass,Satisfactory,0,Low Risk
STU-6239E0AA,GP,M,17,U,GT3,T,Higher Education,teacher,teacher,Mathematics,2,2 to 5 hours,0,14,84.95,11,9,9,9.67,9,Fail,At-Risk,-2,High Risk
STU-A384DF3F,GP,M,16,U,GT3,T,Higher Education,health,other,Mathematics,2,2 to 5 hours,0,2,97.85,14,13,13,13.33,13,Pass,Satisfactory,-1,Low Risk
STU-C0906E54,GP,M,16,U,LE3,T,Primary (4th grade),other,other,Mathematics,2,2 to 5 hours,0,18,80.65,9,7,6,7.33,6,Fail,At-Risk,-3,High Risk
STU-7C5275E4,GP,M,16,U,GT3,T,Secondary Education,at_home,other,Mathematics,3,5 to 10 hours,0,10,89.25,11,9,10,10.0,10,Pass,Satisfactory,-1,Low Risk
STU-399BD0DC,GP,M,17,U,LE3,T,5th to 9th grade,other,other,Mathematics,2,2 to 5 hours,0,4,95.7,14,13,13,13.33,13,Pass,Satisfactory,-1,Low Risk
STU-EEE66B23,GP,F,16,U,GT3,T,5th to 9th grade,other,other,Mathematics,1,<2 hours,0,20,78.49,13,12,12,12.33,12,Pass,Satisfactory,-1,Medium Risk
STU-FD414DCB,GP,F,17,R,GT3,T,5th to 9th grade,at_home,services,Mathematics,2,2 to 5 hours,0,2,97.85,13,11,11,11.67,11,Pass,Satisfactory,-2,Low Risk
STU-D0C0FB9C,GP,M,18,U,GT3,T,5th to 9th grade,other,services,Mathematics,2,2 to 5 hours,1,0,100.0,7,7,0,4.67,0,Fail,At-Risk,-7,High Risk
STU-384A4DC6,GP,M,17,U,LE3,T,Higher Education,health,other,Mathematics,2,2 to 5 hours,0,14,84.95,12,12,12,12.0,12,Pass,Satisfactory,0,Medium Risk
STU-C6493C68,GP,M,17,R,LE3,A,Higher Education,teacher,other,Mathematics,2,2 to 5 hours,0,2,97.85,10,11,12,11.0,12,Pass,Satisfactory,2,Low Risk
STU-5D622B00,GP,M,16,U,LE3,T,Higher Education,teacher,other,Mathematics,1,<2 hours,0,0,100.0,6,0,0,2.0,0,Fail,At-Risk,-6,Medium Risk
STU-A88F7DD8,GP,M,16,U,GT3,T,Higher Education,services,services,Mathematics,1,<2 hours,0,0,100.0,13,12,12,12.33,12,Pass,Satisfactory,-1,Low Risk
STU-D47BC8C3,GP,F,18,U,GT3,T,5th to 9th grade,other,other,Mathematics,3,5 to 10 hours,0,0,100.0,7,0,0,2.33,0,Fail,At-Risk,-7,Medium Risk
STU-55CBB3CD,GP,M,16,U,GT3,T,5th to 9th grade,other,other,Mathematics,1,<2 hours,0,6,93.55,18,18,18,18.0,18,Pass,Distinction,0,Low Risk
STU-90A8CAE5,GP,M,17,U,GT3,T,Secondary Education,other,other,Mathematics,1,<2 hours,0,4,95.7,12,12,13,12.33,13,Pass,Satisfactory,1,Low Risk
STU-13A3D4D6,GP,M,22,U,GT3,T,Secondary Education,services,services,Mathematics,1,<2 hours,3,16,82.8,6,8,8,7.33,8,Fail,At-Risk,2,High Risk
STU-F5A769BC,GP,M,18,R,LE3,T,Secondary Education,other,services,Mathematics,2,2 to 5 hours,1,8,91.4,3,5,5,4.33,5,Fail,At-Risk,2,High Risk
STU-1942A5DD,GP,M,16,U,GT3,T,5th to 9th grade,other,other,Mathematics,1,<2 hours,0,0,100.0,13,15,15,14.33,15,Pass,Good,2,Low Risk
STU-D1D91C87,GP,M,18,U,GT3,T,Secondary Education,services,other,Mathematics,1,<2 hours,1,0,100.0,6,8,8,7.33,8,Fail,At-Risk,2,High Risk
STU-B6D3191C,GP,M,16,U,GT3,T,Secondary Education,at_home,other,Mathematics,2,2 to 5 hours,0,6,93.55,7,10,10,9.0,10,Pass,Satisfactory,3,Low Risk
STU-0A169768,GP,M,18,U,GT3,T,5th to 9th grade,services,services,Mathematics,1,<2 hours,1,4,95.7,6,9,8,7.67,8,Fail,At-Risk,2,High Risk
STU-2506154C,GP,M,16,R,GT3,T,5th to 9th grade,other,other,Mathematics,1,<2 hours,0,0,100.0,8,9,8,8.33,8,Fail,At-Risk,0,Medium Risk
STU-7877D315,GP,M,17,R,GT3,T,5th to 9th grade,other,other,Mathematics,1,<2 hours,0,0,100.0,8,12,12,10.67,12,Pass,Satisfactory,4,Low Risk
STU-AF2BAA0C,GP,M,17,U,LE3,T,Primary (4th grade),health,other,Mathematics,1,<2 hours,1,2,97.85,7,9,8,8.0,8,Fail,At-Risk,1,High Risk
STU-B7D2C986,GP,F,17,U,LE3,T,Higher Education,teacher,services,Mathematics,4,>10 hours,0,6,93.55,14,12,13,13.0,13,Pass,Satisfactory,-1,Low Risk
STU-B9EFB0DE,GP,M,19,U,LE3,A,Higher Education,services,at_home,Mathematics,2,2 to 5 hours,0,12,87.1,11,11,11,11.0,11,Pass,Satisfactory,0,Medium Risk
STU-17D92758,GP,M,18,U,GT3,T,5th to 9th grade,other,other,Mathematics,2,2 to 5 hours,0,8,91.4,15,14,14,14.33,14,Pass,Good,-1,Low Risk
STU-F341E88E,GP,F,17,U,LE3,T,5th to 9th grade,services,services,Mathematics,4,>10 hours,0,0,100.0,10,9,0,6.33,0,Fail,At-Risk,-10,Medium Risk
STU-5032226C,GP,F,18,U,GT3,T,Higher Education,services,other,Mathematics,2,2 to 5 hours,0,21,77.42,17,18,18,17.67,18,Pass,Distinction,1,Medium Risk
STU-729F8030,GP,M,18,U,GT3,T,Higher Education,teacher,other,Mathematics,2,2 to 5 hours,0,2,97.85,8,8,8,8.0,8,Fail,At-Risk,0,Medium Risk
STU-9AA0DF8E,GP,M,18,R,GT3,T,Secondary Education,other,other,Mathematics,3,5 to 10 hours,0,1,98.92,13,12,12,12.33,12,Pass,Satisfactory,-1,Low Risk
STU-8420A4D7,GP,F,17,U,GT3,T,Secondary Education,other,other,Mathematics,3,5 to 10 hours,0,4,95.7,10,9,9,9.33,9,Fail,At-Risk,-1,Medium Risk
STU-939050D8,GP,F,18,U,GT3,T,5th to 9th grade,at_home,services,Mathematics,3,5 to 10 hours,0,0,100.0,9,10,0,6.33,0,Fail,At-Risk,-9,Medium Risk
STU-663B05F4,GP,M,18,R,LE3,A,Higher Education,other,other,Mathematics,2,2 to 5 hours,0,13,86.02,17,17,17,17.0,17,Pass,Distinction,0,Medium Risk
STU-83C293F0,GP,M,17,U,GT3,T,Secondary Education,services,other,Mathematics,2,2 to 5 hours,0,2,97.85,9,9,10,9.33,10,Pass,Satisfactory,1,Low Risk
STU-C6BC5A32,GP,F,18,R,GT3,T,Higher Education,teacher,other,Mathematics,2,2 to 5 hours,0,8,91.4,12,10,11,11.0,11,Pass,Satisfactory,-1,Low Risk
STU-6225567B,GP,M,18,U,GT3,T,Higher Education,health,other,Mathematics,2,2 to 5 hours,0,10,89.25,10,9,10,9.67,10,Pass,Satisfactory,0,Low Risk
STU-2ACF751E,GP,F,18,R,GT3,T,5th to 9th grade,other,other,Mathematics,2,2 to 5 hours,0,0,100.0,6,0,0,2.0,0,Fail,At-Risk,-6,Medium Risk
STU-40EBB74A,GP,F,19,U,GT3,T,Secondary Education,other,services,Mathematics,2,2 to 5 hours,2,15,83.87,9,9,9,9.0,9,Fail,At-Risk,0,High Risk
STU-B2DFBB62,GP,F,18,U,GT3,T,Secondary Education,other,services,Mathematics,4,>10 hours,0,4,95.7,15,14,14,14.33,14,Pass,Good,-1,Low Risk
STU-77569D3A,GP,F,18,U,LE3,T,Primary (4th grade),other,other,Mathematics,2,2 to 5 hours,0,2,97.85,11,11,11,11.0,11,Pass,Satisfactory,0,Low Risk
STU-EC7CDC45,GP,M,17,R,GT3,T,5th to 9th grade,at_home,at_home,Mathematics,2,2 to 5 hours,0,2,97.85,15,14,14,14.33,14,Pass,Good,-1,Low Risk
STU-F8A5F432,GP,F,17,U,GT3,T,Higher Education,at_home,health,Mathematics,2,2 to 5 hours,0,2,97.85,10,10,10,10.0,10,Pass,Satisfactory,0,Low Risk
STU-1239B6F2,GP,F,17,U,LE3,T,5th to 9th grade,services,other,Mathematics,2,2 to 5 hours,0,6,93.55,12,12,12,12.0,12,Pass,Satisfactory,0,Low Risk
STU-868C470A,GP,F,18,R,GT3,A,Secondary Education,other,services,Mathematics,2,2 to 5 hours,0,75,19.35,10,9,9,9.33,9,Fail,At-Risk,-1,High Risk
STU-C1BB86AE,GP,M,18,U,GT3,T,Higher Education,teacher,services,Mathematics,1,<2 hours,0,22,76.34,9,9,9,9.0,9,Fail,At-Risk,0,High Risk
STU-AFFE5E56,GP,F,18,U,GT3,T,Higher Education,health,health,Mathematics,2,2 to 5 hours,1,15,83.87,9,8,8,8.33,8,Fail,At-Risk,-1,High Risk
STU-33DA4042,GP,M,18,U,LE3,T,Higher Education,teacher,services,Mathematics,1,<2 hours,0,8,91.4,10,11,10,10.33,10,Pass,Satisfactory,0,Low Risk
STU-D9731AC3,GP,M,17,U,LE3,A,Higher Education,services,other,Mathematics,1,<2 hours,0,30,67.74,8,8,8,8.0,8,Fail,At-Risk,0,High Risk
STU-CF0BFA6F,GP,M,17,U,LE3,A,Secondary Education,teacher,services,Mathematics,1,<2 hours,1,19,79.57,11,9,10,10.0,10,Pass,Satisfactory,-1,Medium Risk
STU-B5995CD1,GP,F,18,R,LE3,T,Primary (4th grade),at_home,other,Mathematics,4,>10 hours,0,1,98.92,12,12,12,12.0,12,Pass,Satisfactory,0,Low Risk
STU-E99A0A05,GP,F,18,U,GT3,T,Primary (4th grade),other,other,Mathematics,2,2 to 5 hours,0,4,95.7,8,9,10,9.0,10,Pass,Satisfactory,2,Low Risk
STU-7681CF07,GP,F,17,U,GT3,T,5th to 9th grade,other,other,Mathematics,2,2 to 5 hours,0,4,95.7,10,9,11,10.0,11,Pass,Satisfactory,1,Low Risk
STU-3E0DD1D5,GP,M,17,U,GT3,T,Primary (4th grade),other,other,Mathematics,2,2 to 5 hours,0,2,97.85,12,10,11,11.0,11,Pass,Satisfactory,-1,Low Risk
STU-DA6D3B87,GP,F,18,U,GT3,T,5th to 9th grade,at_home,at_home,Mathematics,3,5 to 10 hours,0,5,94.62,18,18,19,18.33,19,Pass,Distinction,1,Low Risk
STU-166D1425,GP,F,17,U,GT3,T,Primary (4th grade),services,teacher,Mathematics,3,5 to 10 hours,0,6,93.55,13,12,12,12.33,12,Pass,Satisfactory,-1,Low Risk
STU-DC6B1F4F,GP,M,18,U,GT3,T,5th to 9th grade,services,services,Mathematics,3,5 to 10 hours,0,6,93.55,15,14,14,14.33,14,Pass,Good,-1,Low Risk
STU-2DDE1326,GP,M,18,U,LE3,A,Higher Education,teacher,teacher,Mathematics,2,2 to 5 hours,0,9,90.32,15,13,15,14.33,15,Pass,Good,0,Low Risk
STU-DB53C071,GP,M,18,U,GT3,T,Higher Education,teacher,other,Mathematics,2,2 to 5 hours,0,11,88.17,12,11,11,11.33,11,Pass,Satisfactory,-1,Medium Risk
STU-E810C8F8,GP,F,17,U,GT3,T,Higher Education,health,services,Mathematics,3,5 to 10 hours,0,0,100.0,15,15,15,15.0,15,Pass,Good,0,Low Risk
STU-87F99BD0,GP,F,18,U,LE3,T,5th to 9th grade,services,at_home,Mathematics,2,2 to 5 hours,1,12,87.1,12,12,13,12.33,13,Pass,Satisfactory,1,Medium Risk
STU-D2DBCC0A,GP,F,17,R,LE3,T,Secondary Education,services,other,Mathematics,4,>10 hours,0,6,93.55,18,18,18,18.0,18,Pass,Distinction,0,Low Risk
STU-33295AD4,GP,M,18,R,LE3,T,Secondary Education,services,other,Mathematics,3,5 to 10 hours,0,8,91.4,14,13,14,13.67,14,Pass,Good,0,Low Risk
STU-3B408F4C,GP,M,17,U,GT3,T,Secondary Education,health,other,Mathematics,1,<2 hours,0,4,95.7,14,12,11,12.33,11,Pass,Satisfactory,-3,Low Risk
STU-E553DB82,GP,F,19,U,GT3,T,Higher Education,health,other,Mathematics,2,2 to 5 hours,0,0,100.0,10,9,0,6.33,0,Fail,At-Risk,-10,Medium Risk
STU-E55D0EBF,GP,F,18,U,LE3,T,Higher Education,other,other,Mathematics,2,2 to 5 hours,0,10,89.25,10,8,8,8.67,8,Fail,At-Risk,-2,Medium Risk
STU-02538BD8,GP,F,18,U,GT3,T,Higher Education,other,other,Mathematics,4,>10 hours,0,0,100.0,14,13,14,13.67,14,Pass,Good,0,Low Risk
STU-5C28817B,GP,M,18,U,LE3,T,Higher Education,teacher,teacher,Mathematics,1,<2 hours,0,5,94.62,16,15,16,15.67,16,Pass,Distinction,0,Low Risk
STU-07E38447,GP,F,18,U,LE3,A,Higher Education,health,other,Mathematics,2,2 to 5 hours,0,14,84.95,12,10,11,11.0,11,Pass,Satisfactory,-1,Medium Risk
STU-4140EDDD,GP,M,17,U,LE3,T,Higher Education,other,teacher,Mathematics,1,<2 hours,0,0,100.0,11,11,10,10.67,10,Pass,Satisfactory,-1,Low Risk
STU-22B7FA9B,GP,F,17,U,GT3,T,Higher Education,other,other,Mathematics,3,5 to 10 hours,0,0,100.0,15,12,14,13.67,14,Pass,Good,-1,Low Risk
STU-52B3F146,GP,F,17,U,GT3,T,Secondary Education,health,health,Mathematics,4,>10 hours,0,0,100.0,17,17,18,17.33,18,Pass,Distinction,1,Low Risk
STU-DB6D8BD0,GP,M,19,U,GT3,T,Secondary Education,other,other,Mathematics,2,2 to 5 hours,1,20,78.49,15,14,13,14.0,13,Pass,Satisfactory,-2,Medium Risk
STU-8C94FC36,GP,F,18,U,GT3,T,Higher Education,services,at_home,Mathematics,2,2 to 5 hours,1,8,91.4,14,12,12,12.67,12,Pass,Satisfactory,-2,Medium Risk
STU-71A1F5C2,GP,M,20,U,GT3,A,Secondary Education,services,other,Mathematics,1,<2 hours,0,0,100.0,17,18,18,17.67,18,Pass,Distinction,1,Low Risk
STU-35632BFA,GP,M,19,U,GT3,T,Higher Education,teacher,services,Mathematics,1,<2 hours,1,38,59.14,8,9,8,8.33,8,Fail,At-Risk,0,High Risk
STU-E7D1A49D,GP,M,19,R,GT3,T,Secondary Education,other,services,Mathematics,2,2 to 5 hours,1,0,100.0,15,12,12,13.0,12,Pass,Satisfactory,-3,Medium Risk
STU-8CA35DF2,GP,F,19,U,LE3,T,Primary (4th grade),at_home,other,Mathematics,2,2 to 5 hours,1,18,80.65,12,10,10,10.67,10,Pass,Satisfactory,-2,Medium Risk
STU-26E212E1,GP,F,19,U,LE3,T,5th to 9th grade,services,services,Mathematics,2,2 to 5 hours,1,0,100.0,9,9,0,6.0,0,Fail,At-Risk,-9,High Risk
STU-430236AA,GP,F,19,U,GT3,T,5th to 9th grade,at_home,other,Mathematics,2,2 to 5 hours,0,20,78.49,14,12,13,13.0,13,Pass,Satisfactory,-1,Medium Risk
STU-9694C38D,GP,M,19,U,GT3,T,5th to 9th grade,other,services,Mathematics,2,2 to 5 hours,1,3,96.77,13,11,11,11.67,11,Pass,Satisfactory,-2,Medium Risk
STU-B4C8AE05,GP,F,19,U,LE3,T,Secondary Education,services,other,Mathematics,2,2 to 5 hours,1,22,76.34,13,10,11,11.33,11,Pass,Satisfactory,-2,Medium Risk
STU-055BA87C,GP,F,19,U,GT3,T,Primary (4th grade),at_home,health,Mathematics,3,5 to 10 hours,2,14,84.95,15,13,13,13.67,13,Pass,Satisfactory,-2,Medium Risk
STU-3D4DFEA8,GP,F,19,R,GT3,T,Secondary Education,other,other,Mathematics,3,5 to 10 hours,1,40,56.99,13,11,11,11.67,11,Pass,Satisfactory,-2,Medium Risk
STU-94E39F61,GP,F,18,U,GT3,T,5th to 9th grade,services,other,Mathematics,2,2 to 5 hours,0,0,100.0,8,8,0,5.33,0,Fail,At-Risk,-8,Medium Risk
STU-DD8DF6E2,GP,F,18,U,GT3,T,Higher Education,other,other,Mathematics,3,5 to 10 hours,0,9,90.32,9,10,9,9.33,9,Fail,At-Risk,0,Medium Risk
STU-AA3A7090,GP,F,17,R,GT3,T,Higher Education,at_home,services,Mathematics,3,5 to 10 hours,0,0,100.0,11,11,10,10.67,10,Pass,Satisfactory,-1,Low Risk
STU-5B44A9D3,GP,F,18,U,GT3,T,Higher Education,teacher,other,Mathematics,2,2 to 5 hours,0,2,97.85,11,11,11,11.0,11,Pass,Satisfactory,0,Low Risk
STU-DE2ACAEE,GP,F,17,U,GT3,A,Higher Education,services,services,Mathematics,2,2 to 5 hours,0,23,75.27,13,13,13,13.0,13,Pass,Satisfactory,0,Medium Risk
STU-5A229EF5,GP,F,17,U,GT3,T,5th to 9th grade,other,other,Mathematics,2,2 to 5 hours,0,12,87.1,11,9,9,9.67,9,Fail,At-Risk,-2,High Risk
STU-A8C0AD64,GP,F,17,R,LE3,T,5th to 9th grade,services,services,Mathematics,3,5 to 10 hours,0,3,96.77,11,11,11,11.0,11,Pass,Satisfactory,0,Low Risk
STU-99ED1429,GP,F,17,U,GT3,T,Secondary Education,services,services,Mathematics,3,5 to 10 hours,0,1,98.92,12,14,15,13.67,15,Pass,Good,3,Low Risk
STU-51385447,GP,F,17,U,LE3,T,5th to 9th grade,at_home,at_home,Mathematics,3,5 to 10 hours,0,0,100.0,16,15,15,15.33,15,Pass,Good,-1,Low Risk
STU-3DB65053,GP,M,18,U,GT3,T,Higher Education,other,other,Mathematics,3,5 to 10 hours,0,3,96.77,9,12,11,10.67,11,Pass,Satisfactory,2,Low Risk
STU-4567FD41,GP,M,17,U,GT3,T,Secondary Education,other,services,Mathematics,1,<2 hours,0,3,96.77,14,15,16,15.0,16,Pass,Distinction,2,Low Risk
STU-01EB470B,GP,M,17,R,GT3,T,5th to 9th grade,services,other,Mathematics,1,<2 hours,0,8,91.4,11,10,10,10.33,10,Pass,Satisfactory,-1,Low Risk
STU-8ADF8E42,GP,F,17,U,GT3,T,Higher Education,teacher,services,Mathematics,3,5 to 10 hours,0,7,92.47,10,9,9,9.33,9,Fail,At-Risk,-1,Medium Risk
STU-5D4FC8BB,GP,F,17,U,GT3,T,Higher Education,teacher,teacher,Mathematics,3,5 to 10 hours,0,4,95.7,14,14,14,14.0,14,Pass,Good,0,Low Risk
STU-E8C83903,GP,M,18,U,LE3,T,5th to 9th grade,other,other,Mathematics,4,>10 hours,0,2,97.85,9,8,8,8.33,8,Fail,At-Risk,-1,Medium Risk
STU-DF3DFD1C,GP,F,17,R,GT3,T,Higher Education,at_home,other,Mathematics,3,5 to 10 hours,0,7,92.47,12,14,14,13.33,14,Pass,Good,2,Low Risk
STU-CFE96450,GP,F,18,U,GT3,T,Secondary Education,services,services,Mathematics,2,2 to 5 hours,0,0,100.0,7,0,0,2.33,0,Fail,At-Risk,-7,Medium Risk
STU-6EDD3247,GP,F,18,U,LE3,T,5th to 9th grade,other,other,Mathematics,2,2 to 5 hours,0,0,100.0,8,8,0,5.33,0,Fail,At-Risk,-8,Medium Risk
STU-2DDFB354,GP,F,18,R,GT3,T,5th to 9th grade,at_home,other,Mathematics,4,>10 hours,0,0,100.0,10,9,0,6.33,0,Fail,At-Risk,-10,Medium Risk
STU-904B8855,GP,F,17,U,GT3,T,Higher Education,services,other,Mathematics,3,5 to 10 hours,0,16,82.8,16,15,15,15.33,15,Pass,Good,-1,Medium Risk
STU-1668F683,GP,F,19,R,GT3,A,Secondary Education,services,at_home,Mathematics,3,5 to 10 hours,1,12,87.1,14,13,13,13.33,13,Pass,Satisfactory,-1,Medium Risk
STU-32AC7410,GP,F,17,U,GT3,T,Secondary Education,other,other,Mathematics,2,2 to 5 hours,0,0,100.0,7,8,0,5.0,0,Fail,At-Risk,-7,Medium Risk
STU-0638F977,GP,F,18,U,LE3,T,Secondary Education,services,services,Mathematics,4,>10 hours,0,7,92.47,16,15,17,16.0,17,Pass,Distinction,1,Low Risk
STU-6DF9BB94,GP,F,17,R,GT3,A,Secondary Education,other,other,Mathematics,2,2 to 5 hours,0,4,95.7,9,10,10,9.67,10,Pass,Satisfactory,1,Low Risk
STU-D3126E3E,GP,F,19,U,GT3,T,5th to 9th grade,services,services,Mathematics,3,5 to 10 hours,1,4,95.7,11,12,11,11.33,11,Pass,Satisfactory,0,Medium Risk
STU-CD81E3F8,GP,M,18,U,LE3,T,Higher Education,services,other,Mathematics,2,2 to 5 hours,0,11,88.17,16,15,15,15.33,15,Pass,Good,-1,Medium Risk
STU-21DAB688,GP,F,17,U,GT3,A,5th to 9th grade,at_home,at_home,Mathematics,2,2 to 5 hours,1,0,100.0,9,8,0,5.67,0,Fail,At-Risk,-9,High Risk
STU-732F6983,GP,F,18,U,GT3,T,Secondary Education,at_home,other,Mathematics,3,5 to 10 hours,0,4,95.7,11,10,10,10.33,10,Pass,Satisfactory,-1,Low Risk
STU-70C171D3,GP,F,18,U,GT3,T,Secondary Education,other,services,Mathematics,3,5 to 10 hours,0,7,92.47,13,13,14,13.33,14,Pass,Good,1,Low Risk
STU-3F9ADA08,GP,M,18,R,GT3,T,Higher Education,teacher,services,Mathematics,3,5 to 10 hours,0,9,90.32,16,15,16,15.67,16,Pass,Distinction,0,Low Risk
STU-51027C17,GP,M,18,U,GT3,T,Higher Education,teacher,other,Mathematics,3,5 to 10 hours,0,0,100.0,10,10,9,9.67,9,Fail,At-Risk,-1,Medium Risk
STU-18F11CAF,GP,F,17,U,GT3,T,Higher Education,health,other,Mathematics,3,5 to 10 hours,0,0,100.0,13,15,15,14.33,15,Pass,Good,2,Low Risk
STU-0686CB8F,MS,M,18,R,GT3,T,Secondary Education,other,other,Mathematics,1,<2 hours,1,10,89.25,11,13,13,12.33,13,Pass,Satisfactory,2,Medium Risk
STU-9F297993,MS,M,19,R,GT3,T,Primary (4th grade),other,services,Mathematics,2,2 to 5 hours,3,8,91.4,8,7,8,7.67,8,Fail,At-Risk,0,High Risk
STU-84F79B9A,MS,M,17,U,GT3,T,Secondary Education,health,other,Mathematics,2,2 to 5 hours,0,2,97.85,13,13,13,13.0,13,Pass,Satisfactory,0,Low Risk
STU-B10FDE2C,MS,M,18,U,LE3,T,Secondary Education,at_home,services,Mathematics,1,<2 hours,1,7,92.47,8,7,8,7.67,8,Fail,At-Risk,0,High Risk
STU-D3220DD4,MS,M,19,R,GT3,T,Primary (4th grade),other,other,Mathematics,1,<2 hours,1,4,95.7,8,8,8,8.0,8,Fail,At-Risk,0,High Risk
STU-3DDAF610,MS,M,17,R,GT3,T,Higher Education,services,other,Mathematics,2,2 to 5 hours,0,4,95.7,13,11,11,11.67,11,Pass,Satisfactory,-2,Low Risk
STU-9E49539E,MS,F,18,U,GT3,T,Secondary Education,services,services,Mathematics,2,2 to 5 hours,0,0,100.0,10,9,9,9.33,9,Fail,At-Risk,-1,Medium Risk
STU-DFE44DDA,MS,F,17,R,GT3,T,Higher Education,teacher,services,Mathematics,2,2 to 5 hours,0,4,95.7,12,13,13,12.67,13,Pass,Satisfactory,1,Low Risk
STU-4061D44D,MS,F,17,U,LE3,A,Secondary Education,services,other,Mathematics,2,2 to 5 hours,0,2,97.85,12,12,11,11.67,11,Pass,Satisfactory,-1,Low Risk
STU-33700E51,MS,M,18,U,LE3,T,Primary (4th grade),other,services,Mathematics,1,<2 hours,0,4,95.7,10,10,10,10.0,10,Pass,Satisfactory,0,Low Risk
STU-42CD0E75,MS,F,18,U,LE3,T,Primary (4th grade),at_home,services,Mathematics,3,5 to 10 hours,0,0,100.0,18,16,16,16.67,16,Pass,Distinction,-2,Low Risk
STU-DD40117C,MS,F,18,R,LE3,A,Higher Education,at_home,other,Mathematics,2,2 to 5 hours,0,0,100.0,13,13,13,13.0,13,Pass,Satisfactory,0,Low Risk
STU-224B67E3,MS,M,18,R,LE3,T,Primary (4th grade),at_home,other,Mathematics,2,2 to 5 hours,1,2,97.85,13,12,12,12.33,12,Pass,Satisfactory,-1,Medium Risk
STU-8D860544,MS,F,18,U,GT3,T,Secondary Education,services,services,Mathematics,2,2 to 5 hours,0,0,100.0,11,11,10,10.67,10,Pass,Satisfactory,-1,Low Risk
STU-C73835A0,MS,F,17,U,LE3,T,Higher Education,at_home,at_home,Mathematics,2,2 to 5 hours,0,0,100.0,16,15,15,15.33,15,Pass,Good,-1,Low Risk
STU-4A82C4A3,MS,F,17,R,GT3,T,5th to 9th grade,other,services,Mathematics,2,2 to 5 hours,0,0,100.0,12,11,12,11.67,12,Pass,Satisfactory,0,Low Risk
STU-D415BBAC,MS,M,18,R,GT3,T,Secondary Education,at_home,other,Mathematics,2,2 to 5 hours,0,4,95.7,10,10,10,10.0,10,Pass,Satisfactory,0,Low Risk
STU-C96F7513,MS,M,18,U,LE3,T,Higher Education,teacher,services,Mathematics,3,5 to 10 hours,0,0,100.0,13,13,13,13.0,13,Pass,Satisfactory,0,Low Risk
STU-68EC39A5,MS,F,17,R,GT3,T,Primary (4th grade),other,services,Mathematics,1,<2 hours,1,0,100.0,7,6,0,4.33,0,Fail,At-Risk,-7,High Risk
STU-ED2890D4,MS,F,18,U,GT3,T,Secondary Education,at_home,services,Mathematics,1,<2 hours,0,0,100.0,11,10,10,10.33,10,Pass,Satisfactory,-1,Low Risk
STU-ED287E8F,MS,F,18,R,GT3,T,Higher Education,other,teacher,Mathematics,2,2 to 5 hours,0,10,89.25,14,12,11,12.33,11,Pass,Satisfactory,-3,Low Risk
STU-C63135EB,MS,F,19,U,LE3,T,Secondary Education,services,services,Mathematics,2,2 to 5 hours,2,4,95.7,7,7,9,7.67,9,Fail,At-Risk,2,High Risk
STU-D0DDB203,MS,M,18,R,LE3,T,5th to 9th grade,at_home,services,Mathematics,1,<2 hours,0,3,96.77,14,12,12,12.67,12,Pass,Satisfactory,-2,Low Risk
STU-48FC5D1C,MS,F,17,U,GT3,T,5th to 9th grade,other,at_home,Mathematics,3,5 to 10 hours,0,8,91.4,13,11,11,11.67,11,Pass,Satisfactory,-2,Low Risk
STU-8645C616,MS,F,17,R,GT3,T,5th to 9th grade,other,other,Mathematics,1,<2 hours,0,14,84.95,6,5,5,5.33,5,Fail,At-Risk,-1,High Risk
STU-C1D8824B,MS,F,18,R,LE3,T,Higher Education,other,other,Mathematics,3,5 to 10 hours,0,0,100.0,19,18,19,18.67,19,Pass,Distinction,0,Low Risk
STU-FE883270,MS,F,18,R,GT3,T,Primary (4th grade),other,other,Mathematics,3,5 to 10 hours,0,2,97.85,8,8,10,8.67,10,Pass,Satisfactory,2,Low Risk
STU-F513BE06,MS,F,20,U,GT3,T,Higher Education,health,other,Mathematics,3,5 to 10 hours,2,4,95.7,15,14,15,14.67,15,Pass,Good,0,Medium Risk
STU-9A79F1EE,MS,F,18,R,LE3,T,Higher Education,teacher,services,Mathematics,2,2 to 5 hours,0,4,95.7,8,9,10,9.0,10,Pass,Satisfactory,2,Low Risk
STU-523CB612,MS,F,18,U,GT3,T,Secondary Education,other,other,Mathematics,2,2 to 5 hours,0,0,100.0,15,15,15,15.0,15,Pass,Good,0,Low Risk
STU-C547C143,MS,F,17,R,GT3,T,Secondary Education,at_home,other,Mathematics,2,2 to 5 hours,0,17,81.72,10,10,10,10.0,10,Pass,Satisfactory,0,Medium Risk
STU-8A5579F7,MS,M,18,U,GT3,T,Higher Education,teacher,teacher,Mathematics,2,2 to 5 hours,0,4,95.7,15,14,14,14.33,14,Pass,Good,-1,Low Risk
STU-84E6366F,MS,M,18,R,GT3,T,5th to 9th grade,other,other,Mathematics,1,<2 hours,0,5,94.62,7,6,7,6.67,7,Fail,At-Risk,0,Medium Risk
STU-06BDF63B,MS,M,17,U,GT3,T,Secondary Education,other,services,Mathematics,2,2 to 5 hours,0,2,97.85,11,11,10,10.67,10,Pass,Satisfactory,-1,Low Risk
STU-8717E8F0,MS,M,19,R,GT3,T,Primary (4th grade),other,services,Mathematics,1,<2 hours,1,0,100.0,6,5,0,3.67,0,Fail,At-Risk,-6,High Risk
STU-9E51D21F,MS,M,18,R,GT3,T,Higher Education,other,other,Mathematics,1,<2 hours,1,14,84.95,6,5,5,5.33,5,Fail,At-Risk,-1,High Risk
STU-F1CCF36D,MS,F,18,R,GT3,T,5th to 9th grade,at_home,other,Mathematics,3,5 to 10 hours,0,2,97.85,10,9,10,9.67,10,Pass,Satisfactory,0,Low Risk
STU-995D869B,MS,F,18,R,GT3,T,Higher Education,teacher,at_home,Mathematics,1,<2 hours,0,7,92.47,6,5,6,5.67,6,Fail,At-Risk,0,Medium Risk
STU-D67573DD,MS,F,19,R,GT3,T,Secondary Education,services,other,Mathematics,3,5 to 10 hours,1,0,100.0,7,5,0,4.0,0,Fail,At-Risk,-7,High Risk
STU-6B793CCF,MS,F,18,U,LE3,T,Secondary Education,teacher,services,Mathematics,2,2 to 5 hours,0,0,100.0,7,9,8,8.0,8,Fail,At-Risk,1,Medium Risk
STU-68A811B9,MS,F,18,U,GT3,T,Primary (4th grade),other,other,Mathematics,2,2 to 5 hours,1,0,100.0,6,5,0,3.67,0,Fail,At-Risk,-6,High Risk
STU-C84026A2,MS,M,20,U,LE3,A,5th to 9th grade,services,services,Mathematics,2,2 to 5 hours,2,11,88.17,9,9,9,9.0,9,Fail,At-Risk,0,High Risk
STU-FA0CCB2F,MS,M,17,U,LE3,T,Secondary Education,services,services,Mathematics,1,<2 hours,0,3,96.77,14,16,16,15.33,16,Pass,Distinction,2,Low Risk
STU-9569D833,MS,M,21,R,GT3,T,Primary (4th grade),other,other,Mathematics,1,<2 hours,3,3,96.77,10,8,7,8.33,7,Fail,At-Risk,-3,High Risk
STU-D61AD816,MS,M,18,R,LE3,T,Secondary Education,services,other,Mathematics,1,<2 hours,0,0,100.0,11,12,10,11.0,10,Pass,Satisfactory,-1,Low Risk
STU-A8023ED7,MS,M,19,U,LE3,T,Primary (4th grade),other,at_home,Mathematics,1,<2 hours,0,5,94.62,8,9,9,8.67,9,Fail,At-Risk,1,Medium Risk
STU-7081F9F9,GP,F,18,U,GT3,A,Higher Education,at_home,teacher,Portuguese,2,2 to 5 hours,0,4,95.7,0,11,11,7.33,11,Pass,Satisfactory,11,Low Risk
STU-456C1019,GP,F,17,U,GT3,T,Primary (4th grade),at_home,other,Portuguese,2,2 to 5 hours,0,2,97.85,9,11,11,10.33,11,Pass,Satisfactory,2,Low Risk
STU-2E1D48C5,GP,F,15,U,LE3,T,Primary (4th grade),at_home,other,Portuguese,2,2 to 5 hours,0,6,93.55,12,13,12,12.33,12,Pass,Satisfactory,0,Low Risk
STU-7B84202E,GP,F,15,U,GT3,T,Higher Education,health,services,Portuguese,3,5 to 10 hours,0,0,100.0,14,14,14,14.0,14,Pass,Good,0,Low Risk
STU-8F44186E,GP,F,16,U,GT3,T,Secondary Education,other,other,Portuguese,2,2 to 5 hours,0,0,100.0,11,13,13,12.33,13,Pass,Satisfactory,2,Low Risk
STU-E3F7485F,GP,M,16,U,LE3,T,Higher Education,services,other,Portuguese,2,2 to 5 hours,0,6,93.55,12,12,13,12.33,13,Pass,Satisfactory,1,Low Risk
STU-48BF80C7,GP,M,16,U,LE3,T,5th to 9th grade,other,other,Portuguese,2,2 to 5 hours,0,0,100.0,13,12,13,12.67,13,Pass,Satisfactory,0,Low Risk
STU-0D817C3D,GP,F,17,U,GT3,A,Higher Education,other,teacher,Portuguese,2,2 to 5 hours,0,2,97.85,10,13,13,12.0,13,Pass,Satisfactory,3,Low Risk
STU-22A4FBE2,GP,M,15,U,LE3,A,Secondary Education,services,other,Portuguese,2,2 to 5 hours,0,0,100.0,15,16,17,16.0,17,Pass,Distinction,2,Low Risk
STU-15652EDE,GP,M,15,U,GT3,T,Higher Education,other,other,Portuguese,2,2 to 5 hours,0,0,100.0,12,12,13,12.33,13,Pass,Satisfactory,1,Low Risk
STU-39585AE6,GP,F,15,U,GT3,T,Higher Education,teacher,health,Portuguese,2,2 to 5 hours,0,2,97.85,14,14,14,14.0,14,Pass,Good,0,Low Risk
STU-1F46ED13,GP,F,15,U,GT3,T,5th to 9th grade,services,other,Portuguese,3,5 to 10 hours,0,0,100.0,10,12,13,11.67,13,Pass,Satisfactory,3,Low Risk
STU-73E7FA9E,GP,M,15,U,LE3,T,Higher Education,health,services,Portuguese,1,<2 hours,0,0,100.0,12,13,12,12.33,12,Pass,Satisfactory,0,Low Risk
STU-5202D937,GP,M,15,U,GT3,T,Higher Education,teacher,other,Portuguese,2,2 to 5 hours,0,0,100.0,12,12,13,12.33,13,Pass,Satisfactory,1,Low Risk
STU-68C122A3,GP,M,15,U,GT3,A,5th to 9th grade,other,other,Portuguese,3,5 to 10 hours,0,0,100.0,14,14,15,14.33,15,Pass,Good,1,Low Risk
STU-F0AAADE2,GP,F,16,U,GT3,T,Higher Education,health,other,Portuguese,1,<2 hours,0,6,93.55,17,17,17,17.0,17,Pass,Distinction,0,Low Risk
STU-F25656AE,GP,F,16,U,GT3,T,Higher Education,services,services,Portuguese,3,5 to 10 hours,0,10,89.25,13,13,14,13.33,14,Pass,Good,1,Low Risk
STU-9EA47A4E,GP,F,16,U,GT3,T,Secondary Education,other,other,Portuguese,2,2 to 5 hours,0,2,97.85,13,14,14,13.67,14,Pass,Good,1,Low Risk
STU-503B3244,GP,M,17,U,GT3,T,Secondary Education,services,services,Portuguese,1,<2 hours,3,2,97.85,8,8,7,7.67,7,Fail,At-Risk,-1,High Risk
STU-419D39B0,GP,M,16,U,LE3,T,Higher Education,health,other,Portuguese,1,<2 hours,0,6,93.55,12,12,12,12.0,12,Pass,Satisfactory,0,Low Risk
STU-114E9CD1,GP,M,15,U,GT3,T,Higher Education,teacher,other,Portuguese,2,2 to 5 hours,0,0,100.0,12,13,14,13.0,14,Pass,Good,2,Low Risk
STU-9D0FB92A,GP,M,15,U,GT3,T,Higher Education,health,health,Portuguese,1,<2 hours,0,0,100.0,11,12,12,11.67,12,Pass,Satisfactory,1,Low Risk
STU-C936C263,GP,M,16,U,LE3,T,Higher Education,teacher,other,Portuguese,2,2 to 5 hours,0,0,100.0,12,13,14,13.0,14,Pass,Good,2,Low Risk
STU-AB078B4C,GP,M,16,U,LE3,T,5th to 9th grade,other,other,Portuguese,2,2 to 5 hours,0,2,97.85,10,10,10,10.0,10,Pass,Satisfactory,0,Low Risk
STU-5DC4E551,GP,F,15,R,GT3,T,Higher Education,services,health,Portuguese,3,5 to 10 hours,0,2,97.85,10,11,10,10.33,10,Pass,Satisfactory,0,Low Risk
STU-719CD4A4,GP,F,16,U,GT3,T,5th to 9th grade,services,services,Portuguese,1,<2 hours,0,6,93.55,10,11,12,11.0,12,Pass,Satisfactory,2,Low Risk
STU-6D322426,GP,M,15,U,GT3,T,5th to 9th grade,other,other,Portuguese,1,<2 hours,0,8,91.4,11,12,12,11.67,12,Pass,Satisfactory,1,Low Risk
STU-4595E9E2,GP,M,15,U,GT3,T,Higher Education,health,services,Portuguese,1,<2 hours,0,0,100.0,11,11,11,11.0,11,Pass,Satisfactory,0,Low Risk
STU-09EA8E11,GP,M,16,U,LE3,A,Higher Education,services,other,Portuguese,2,2 to 5 hours,0,2,97.85,12,12,13,12.33,13,Pass,Satisfactory,1,Low Risk
STU-D1F6A181,GP,M,16,U,GT3,T,Higher Education,teacher,teacher,Portuguese,2,2 to 5 hours,0,4,95.7,12,11,12,11.67,12,Pass,Satisfactory,0,Low Risk
STU-007A4610,GP,M,15,U,GT3,T,Higher Education,health,services,Portuguese,2,2 to 5 hours,0,0,100.0,10,11,11,10.67,11,Pass,Satisfactory,1,Low Risk
STU-B6B62C92,GP,M,15,U,GT3,T,Higher Education,services,services,Portuguese,2,2 to 5 hours,0,2,97.85,15,15,15,15.0,15,Pass,Good,0,Low Risk
STU-168BC7D4,GP,M,15,R,GT3,T,Higher Education,teacher,at_home,Portuguese,2,2 to 5 hours,0,0,100.0,13,14,15,14.0,15,Pass,Good,2,Low Risk
STU-232FC95D,GP,M,15,U,LE3,T,Secondary Education,other,other,Portuguese,2,2 to 5 hours,0,0,100.0,13,12,12,12.33,12,Pass,Satisfactory,-1,Low Risk
STU-0F7F1639,GP,M,16,U,GT3,T,Secondary Education,other,other,Portuguese,1,<2 hours,0,4,95.7,12,12,12,12.0,12,Pass,Satisfactory,0,Low Risk
STU-346D1ED8,GP,F,15,U,GT3,T,Secondary Education,other,other,Portuguese,1,<2 hours,0,4,95.7,11,11,11,11.0,11,Pass,Satisfactory,0,Low Risk
STU-54B1B380,GP,M,15,U,LE3,T,Higher Education,teacher,services,Portuguese,3,5 to 10 hours,0,0,100.0,14,14,14,14.0,14,Pass,Good,0,Low Risk
STU-6FAAC800,GP,M,16,R,GT3,A,Higher Education,other,teacher,Portuguese,3,5 to 10 hours,0,4,95.7,13,13,13,13.0,13,Pass,Satisfactory,0,Low Risk
STU-9F641579,GP,F,15,R,GT3,T,Higher Education,services,health,Portuguese,3,5 to 10 hours,0,2,97.85,11,12,12,11.67,12,Pass,Satisfactory,1,Low Risk
STU-5FDCA47D,GP,F,15,R,GT3,T,5th to 9th grade,at_home,other,Portuguese,1,<2 hours,0,8,91.4,14,13,12,13.0,12,Pass,Satisfactory,-2,Low Risk
STU-7615AB39,GP,F,16,U,LE3,T,5th to 9th grade,other,other,Portuguese,2,2 to 5 hours,0,16,82.8,11,11,10,10.67,10,Pass,Satisfactory,-1,Medium Risk
STU-7D7B1066,GP,M,15,U,LE3,T,Higher Education,teacher,other,Portuguese,1,<2 hours,0,8,91.4,10,11,11,10.67,11,Pass,Satisfactory,1,Low Risk
STU-A563A07E,GP,M,15,U,GT3,T,Higher Education,services,teacher,Portuguese,2,2 to 5 hours,0,0,100.0,14,15,15,14.67,15,Pass,Good,1,Low Risk
STU-98DBE181,GP,M,15,U,GT3,T,5th to 9th grade,services,services,Portuguese,1,<2 hours,0,0,100.0,9,10,10,9.67,10,Pass,Satisfactory,1,Low Risk
STU-9FE78E02,GP,F,16,U,LE3,T,5th to 9th grade,other,at_home,Portuguese,2,2 to 5 hours,1,14,84.95,10,11,11,10.67,11,Pass,Satisfactory,1,Medium Risk
STU-BD00A41C,GP,F,15,U,LE3,A,Higher Education,other,other,Portuguese,2,2 to 5 hours,0,4,95.7,10,11,11,10.67,11,Pass,Satisfactory,1,Low Risk
STU-E1BA4C96,GP,F,16,U,LE3,A,Secondary Education,other,services,Portuguese,2,2 to 5 hours,0,6,93.55,13,12,13,12.67,13,Pass,Satisfactory,0,Low Risk
STU-2D3C97A6,GP,M,16,U,GT3,T,Higher Education,health,services,Portuguese,4,>10 hours,0,2,97.85,17,17,17,17.0,17,Pass,Distinction,0,Low Risk
STU-B20B9336,GP,M,15,U,GT3,T,Higher Education,teacher,other,Portuguese,2,2 to 5 hours,0,4,95.7,11,12,13,12.0,13,Pass,Satisfactory,2,Low Risk
STU-22671154,GP,F,15,U,GT3,T,Higher Education,services,teacher,Portuguese,2,2 to 5 hours,0,2,97.85,13,12,12,12.33,12,Pass,Satisfactory,-1,Low Risk
STU-87E1D54F,GP,F,16,U,LE3,T,5th to 9th grade,services,services,Portuguese,2,2 to 5 hours,0,0,100.0,14,13,13,13.33,13,Pass,Satisfactory,-1,Low Risk
STU-69114641,GP,F,15,U,LE3,T,Higher Education,health,other,Portuguese,2,2 to 5 hours,0,0,100.0,16,14,16,15.33,16,Pass,Distinction,0,Low Risk
STU-A50F99FB,GP,M,15,U,LE3,A,Higher Education,health,health,Portuguese,1,<2 hours,0,4,95.7,10,9,9,9.33,9,Fail,At-Risk,-1,Medium Risk
STU-3D23468A,GP,F,15,U,GT3,T,Higher Education,services,services,Portuguese,1,<2 hours,0,0,100.0,13,12,12,12.33,12,Pass,Satisfactory,-1,Low Risk
STU-B3E524BB,GP,F,15,U,LE3,A,Secondary Education,other,other,Portuguese,1,<2 hours,0,0,100.0,13,12,13,12.67,13,Pass,Satisfactory,0,Low Risk
STU-E43870D1,GP,F,16,U,GT3,A,5th to 9th grade,other,other,Portuguese,2,2 to 5 hours,0,2,97.85,12,13,12,12.33,12,Pass,Satisfactory,0,Low Risk
STU-F25C7CF0,GP,F,15,U,GT3,A,Higher Education,services,services,Portuguese,2,2 to 5 hours,0,0,100.0,15,14,15,14.67,15,Pass,Good,0,Low Risk
STU-300C102A,GP,M,15,U,GT3,T,Higher Education,teacher,health,Portuguese,2,2 to 5 hours,0,8,91.4,15,15,16,15.33,16,Pass,Distinction,1,Low Risk
STU-A8678075,GP,M,15,U,LE3,T,5th to 9th grade,other,at_home,Portuguese,2,2 to 5 hours,0,0,100.0,14,13,14,13.67,14,Pass,Good,0,Low Risk
STU-401BD1B7,GP,F,16,U,GT3,T,Higher Education,services,other,Portuguese,2,2 to 5 hours,0,2,97.85,16,15,16,15.67,16,Pass,Distinction,0,Low Risk
STU-0192628A,GP,F,16,R,GT3,T,Higher Education,health,teacher,Portuguese,2,2 to 5 hours,0,0,100.0,17,16,16,16.33,16,Pass,Distinction,-1,Low Risk
STU-0BA134A2,GP,F,16,U,GT3,T,Primary (4th grade),services,services,Portuguese,1,<2 hours,0,0,100.0,10,10,16,12.0,16,Pass,Distinction,6,Low Risk
STU-687206FE,GP,F,16,U,LE3,T,5th to 9th grade,other,services,Portuguese,2,2 to 5 hours,0,0,100.0,13,13,10,12.0,10,Pass,Satisfactory,-3,Low Risk
STU-FF9874A2,GP,F,16,U,GT3,T,Higher Education,teacher,health,Portuguese,3,5 to 10 hours,0,0,100.0,14,13,13,13.33,13,Pass,Satisfactory,-1,Low Risk
STU-5F6AA41F,GP,F,15,U,LE3,T,Higher Education,services,services,Portuguese,2,2 to 5 hours,0,0,100.0,13,12,12,12.33,12,Pass,Satisfactory,-1,Low Risk
STU-A0C55580,GP,F,16,U,LE3,T,Higher Education,teacher,services,Portuguese,2,2 to 5 hours,0,2,97.85,16,15,16,15.67,16,Pass,Distinction,0,Low Risk
STU-30133F89,GP,M,15,U,GT3,A,Higher Education,other,services,Portuguese,4,>10 hours,0,0,100.0,11,12,12,11.67,12,Pass,Satisfactory,1,Low Risk
STU-0D15B186,GP,F,16,U,GT3,T,Secondary Education,services,other,Portuguese,4,>10 hours,0,0,100.0,10,9,10,9.67,10,Pass,Satisfactory,0,Low Risk
STU-C2DED612,GP,F,15,R,LE3,T,5th to 9th grade,health,services,Portuguese,2,2 to 5 hours,0,0,100.0,11,10,11,10.67,11,Pass,Satisfactory,0,Low Risk
STU-5937C88F,GP,F,15,R,LE3,T,Secondary Education,other,other,Portuguese,4,>10 hours,0,6,93.55,15,15,15,15.0,15,Pass,Good,0,Low Risk
STU-D87B8E95,GP,M,16,U,GT3,T,Secondary Education,other,other,Portuguese,4,>10 hours,0,2,97.85,13,11,11,11.67,11,Pass,Satisfactory,-2,Low Risk
STU-E74C1FCA,GP,M,15,U,GT3,T,Higher Education,other,other,Portuguese,4,>10 hours,0,0,100.0,11,9,10,10.0,10,Pass,Satisfactory,-1,Low Risk
STU-F0400DDC,GP,F,15,R,GT3,T,Primary (4th grade),other,other,Portuguese,2,2 to 5 hours,0,2,97.85,13,11,11,11.67,11,Pass,Satisfactory,-2,Low Risk
STU-5BDD2FB3,GP,M,16,U,GT3,T,Secondary Education,other,other,Portuguese,1,<2 hours,0,0,100.0,13,13,14,13.33,14,Pass,Good,1,Low Risk
STU-E0D89C36,GP,F,16,U,GT3,T,Secondary Education,other,services,Portuguese,2,2 to 5 hours,0,4,95.7,11,11,11,11.0,11,Pass,Satisfactory,0,Low Risk
STU-98ED6E9D,GP,M,15,U,GT3,T,Higher Education,teacher,other,Portuguese,2,2 to 5 hours,0,0,100.0,11,11,11,11.0,11,Pass,Satisfactory,0,Low Risk
STU-6681E7A7,GP,M,15,U,GT3,T,Higher Education,teacher,other,Portuguese,4,>10 hours,0,0,100.0,12,11,11,11.33,11,Pass,Satisfactory,-1,Low Risk
STU-0A3D4FF8,GP,F,16,U,GT3,T,5th to 9th grade,other,other,Portuguese,4,>10 hours,0,1,98.92,13,13,13,13.0,13,Pass,Satisfactory,0,Low Risk
STU-69668EB0,GP,M,17,U,GT3,T,5th to 9th grade,other,other,Portuguese,1,<2 hours,3,0,100.0,9,9,10,9.33,10,Pass,Satisfactory,1,Medium Risk
STU-DBD7451A,GP,F,16,U,GT3,T,Higher Education,at_home,other,Portuguese,2,2 to 5 hours,0,14,84.95,12,11,11,11.33,11,Pass,Satisfactory,-1,Medium Risk
STU-C265FABC,GP,M,15,U,GT3,T,Secondary Education,other,services,Portuguese,1,<2 hours,0,0,100.0,11,11,12,11.33,12,Pass,Satisfactory,1,Low Risk
STU-63A420DB,GP,M,15,U,GT3,T,Secondary Education,other,other,Portuguese,3,5 to 10 hours,0,2,97.85,10,9,9,9.33,9,Fail,At-Risk,-1,Medium Risk
STU-FEFC7BE8,GP,F,15,U,LE3,T,Secondary Education,services,other,Portuguese,2,2 to 5 hours,0,4,95.7,12,11,11,11.33,11,Pass,Satisfactory,-1,Low Risk
STU-A0D4610E,GP,M,15,U,LE3,T,5th to 9th grade,services,services,Portuguese,2,2 to 5 hours,0,2,97.85,13,12,13,12.67,13,Pass,Satisfactory,0,Low Risk
STU-18A00DB2,GP,F,15,U,GT3,T,Primary (4th grade),other,other,Portuguese,2,2 to 5 hours,0,2,97.85,13,12,12,12.33,12,Pass,Satisfactory,-1,Low Risk
STU-85EF4016,GP,F,15,U,GT3,T,Higher Education,services,services,Portuguese,2,2 to 5 hours,0,4,95.7,12,11,12,11.67,12,Pass,Satisfactory,0,Low Risk
STU-06CAEA8E,GP,F,16,U,LE3,T,5th to 9th grade,at_home,other,Portuguese,2,2 to 5 hours,0,6,93.55,13,11,11,11.67,11,Pass,Satisfactory,-2,Low Risk
STU-610CC2D9,GP,F,15,U,GT3,T,Higher Education,other,other,Portuguese,3,5 to 10 hours,0,4,95.7,15,15,15,15.0,15,Pass,Good,0,Low Risk
STU-9BB406DC,GP,M,16,U,GT3,T,5th to 9th grade,services,other,Portuguese,2,2 to 5 hours,0,6,93.55,12,10,11,11.0,11,Pass,Satisfactory,-1,Low Risk
STU-794660FB,GP,M,16,U,LE3,A,Higher Education,teacher,health,Portuguese,2,2 to 5 hours,0,6,93.55,9,9,10,9.33,10,Pass,Satisfactory,1,Low Risk
STU-9DF9B249,GP,F,16,U,GT3,T,Secondary Education,other,other,Portuguese,3,5 to 10 hours,0,2,97.85,9,11,11,10.33,11,Pass,Satisfactory,2,Low Risk
STU-A6E6FD26,GP,F,15,U,GT3,T,Higher Education,services,other,Portuguese,1,<2 hours,0,6,93.55,14,13,13,13.33,13,Pass,Satisfactory,-1,Low Risk
STU-EEF94D78,GP,F,16,U,LE3,T,Secondary Education,other,other,Portuguese,2,2 to 5 hours,0,0,100.0,12,13,12,12.33,12,Pass,Satisfactory,0,Low Risk
STU-E4B6DF55,GP,F,16,U,GT3,T,Higher Education,teacher,services,Portuguese,2,2 to 5 hours,0,2,97.85,13,14,14,13.67,14,Pass,Good,1,Low Risk
STU-93EB2F14,GP,M,15,U,LE3,T,5th to 9th grade,services,health,Portuguese,4,>10 hours,0,2,97.85,11,12,12,11.67,12,Pass,Satisfactory,1,Low Risk
STU-75EFED09,GP,F,15,R,GT3,T,Primary (4th grade),at_home,other,Portuguese,4,>10 hours,0,4,95.7,13,13,13,13.0,13,Pass,Satisfactory,0,Low Risk
STU-46ADB2CE,GP,M,16,R,GT3,T,Higher Education,services,other,Portuguese,1,<2 hours,0,6,93.55,9,11,11,10.33,11,Pass,Satisfactory,2,Low Risk
STU-03E8CAC7,GP,F,16,U,GT3,T,5th to 9th grade,other,other,Portuguese,2,2 to 5 hours,0,0,100.0,13,12,12,12.33,12,Pass,Satisfactory,-1,Low Risk
STU-EEBCF729,GP,F,16,U,GT3,T,Higher Education,other,other,Portuguese,1,<2 hours,0,4,95.7,12,13,13,12.67,13,Pass,Satisfactory,1,Low Risk
STU-9520AD4E,GP,F,16,U,GT3,T,Higher Education,other,at_home,Portuguese,3,5 to 10 hours,0,2,97.85,12,13,13,12.67,13,Pass,Satisfactory,1,Low Risk
STU-F3C0B480,GP,M,16,U,GT3,T,Higher Education,services,services,Portuguese,1,<2 hours,0,12,87.1,9,9,8,8.67,8,Fail,At-Risk,-1,High Risk
STU-03237CBA,GP,M,16,U,GT3,T,Higher Education,services,teacher,Portuguese,3,5 to 10 hours,0,0,100.0,16,16,16,16.0,16,Pass,Distinction,0,Low Risk
STU-23F7C36E,GP,M,15,U,GT3,T,Higher Education,services,other,Portuguese,1,<2 hours,0,2,97.85,12,13,12,12.33,12,Pass,Satisfactory,0,Low Risk
STU-60D2AE52,GP,F,15,U,GT3,T,Secondary Education,services,other,Portuguese,2,2 to 5 hours,0,16,82.8,11,10,10,10.33,10,Pass,Satisfactory,-1,Medium Risk
STU-8C34293B,GP,M,15,U,GT3,A,Higher Education,services,other,Portuguese,2,2 to 5 hours,0,0,100.0,16,16,16,16.0,16,Pass,Distinction,0,Low Risk
STU-44EF5F3E,GP,F,15,U,GT3,A,Secondary Education,other,health,Portuguese,4,>10 hours,0,10,89.25,10,10,10,10.0,10,Pass,Satisfactory,0,Low Risk
STU-18B8E9FD,GP,F,15,U,GT3,T,5th to 9th grade,other,other,Portuguese,4,>10 hours,0,4,95.7,10,10,10,10.0,10,Pass,Satisfactory,0,Low Risk
STU-89274968,GP,M,16,U,GT3,T,Secondary Education,services,other,Portuguese,3,5 to 10 hours,0,4,95.7,13,14,14,13.67,14,Pass,Good,1,Low Risk
STU-ABFA4D58,GP,M,15,R,GT3,T,Higher Education,other,other,Portuguese,4,>10 hours,0,8,91.4,12,10,11,11.0,11,Pass,Satisfactory,-1,Low Risk
STU-D0F198AC,GP,F,16,U,LE3,T,Higher Education,health,health,Portuguese,3,5 to 10 hours,0,2,97.85,15,15,14,14.67,14,Pass,Good,-1,Low Risk
STU-63B707DA,GP,M,15,U,LE3,A,Higher Education,teacher,teacher,Portuguese,1,<2 hours,0,4,95.7,13,14,14,13.67,14,Pass,Good,1,Low Risk
STU-945AD5F8,GP,F,16,R,GT3,T,Secondary Education,services,other,Portuguese,3,5 to 10 hours,0,4,95.7,11,11,11,11.0,11,Pass,Satisfactory,0,Low Risk
STU-281EA029,GP,F,16,U,GT3,T,5th to 9th grade,at_home,other,Portuguese,2,2 to 5 hours,1,12,87.1,8,10,10,9.33,10,Pass,Satisfactory,2,Medium Risk
STU-225F3192,GP,M,15,U,LE3,T,Higher Education,teacher,other,Portuguese,1,<2 hours,0,10,89.25,18,17,18,17.67,18,Pass,Distinction,0,Low Risk
STU-90B77E7D,GP,M,15,R,GT3,T,5th to 9th grade,health,services,Portuguese,2,2 to 5 hours,0,4,95.7,10,9,10,9.67,10,Pass,Satisfactory,0,Low Risk
STU-11690B74,GP,M,16,U,GT3,T,Higher Education,teacher,teacher,Portuguese,2,2 to 5 hours,0,6,93.55,16,14,14,14.67,14,Pass,Good,-2,Low Risk
STU-C0C6373F,GP,M,15,U,GT3,T,Higher Education,other,teacher,Portuguese,2,2 to 5 hours,0,4,95.7,16,15,16,15.67,16,Pass,Distinction,0,Low Risk
STU-F4216162,GP,M,16,U,GT3,T,Secondary Education,other,services,Portuguese,1,<2 hours,0,6,93.55,14,14,15,14.33,15,Pass,Good,1,Low Risk
STU-F4475577,GP,M,17,R,GT3,T,Secondary Education,other,other,Portuguese,2,2 to 5 hours,1,14,84.95,12,11,11,11.33,11,Pass,Satisfactory,-1,Medium Risk
STU-C98B1F12,GP,M,15,U,GT3,T,Higher Education,other,other,Portuguese,1,<2 hours,0,2,97.85,14,13,14,13.67,14,Pass,Good,0,Low Risk
STU-951DF931,GP,F,15,U,GT3,T,5th to 9th grade,at_home,services,Portuguese,2,2 to 5 hours,0,0,100.0,14,14,14,14.0,14,Pass,Good,0,Low Risk
STU-4450B4D0,GP,M,15,U,GT3,T,5th to 9th grade,services,services,Portuguese,4,>10 hours,0,6,93.55,14,13,13,13.33,13,Pass,Satisfactory,-1,Low Risk
STU-1E9EAC45,GP,F,16,U,LE3,T,Higher Education,other,health,Portuguese,2,2 to 5 hours,0,2,97.85,14,12,13,13.0,13,Pass,Satisfactory,-1,Low Risk
STU-DAAA60A0,GP,M,16,U,GT3,T,Higher Education,health,other,Portuguese,1,<2 hours,0,4,95.7,12,13,13,12.67,13,Pass,Satisfactory,1,Low Risk
STU-AA8D33B7,GP,F,16,U,GT3,T,5th to 9th grade,other,other,Portuguese,2,2 to 5 hours,0,0,100.0,12,11,11,11.33,11,Pass,Satisfactory,-1,Low Risk
STU-3CAF5445,GP,M,15,U,GT3,T,Higher Education,services,services,Portuguese,1,<2 hours,0,2,97.85,9,9,9,9.0,9,Fail,At-Risk,0,Medium Risk
STU-0D20982C,GP,F,15,U,LE3,A,Higher Education,other,other,Portuguese,2,2 to 5 hours,0,0,100.0,10,11,11,10.67,11,Pass,Satisfactory,1,Low Risk
STU-90AC2BB0,GP,F,19,U,GT3,T,Primary (4th grade),at_home,other,Portuguese,2,2 to 5 hours,2,0,100.0,9,10,11,10.0,11,Pass,Satisfactory,2,Medium Risk
STU-8937BE7E,GP,M,16,R,GT3,T,Higher Education,teacher,teacher,Portuguese,1,<2 hours,0,8,91.4,14,14,15,14.33,15,Pass,Good,1,Low Risk
STU-DBED2E78,GP,M,16,U,GT3,T,Secondary Education,other,other,Portuguese,3,5 to 10 hours,0,4,95.7,13,12,13,12.67,13,Pass,Satisfactory,0,Low Risk
STU-E2ECAE54,GP,F,15,R,GT3,T,Higher Education,services,teacher,Portuguese,3,5 to 10 hours,0,0,100.0,10,11,12,11.0,12,Pass,Satisfactory,2,Low Risk
STU-BBAC4735,GP,F,18,U,GT3,T,5th to 9th grade,services,other,Portuguese,2,2 to 5 hours,3,10,89.25,10,9,8,9.0,8,Fail,At-Risk,-2,High Risk
STU-55594F85,GP,F,17,U,LE3,A,5th to 9th grade,other,other,Portuguese,1,<2 hours,0,8,91.4,11,10,11,10.67,11,Pass,Satisfactory,0,Low Risk
STU-B681FE76,GP,F,15,U,GT3,T,Primary (4th grade),at_home,other,Portuguese,1,<2 hours,0,6,93.55,11,12,13,12.0,13,Pass,Satisfactory,2,Low Risk
STU-2062C61C,GP,F,17,U,LE3,T,5th to 9th grade,other,other,Portuguese,1,<2 hours,0,2,97.85,13,12,12,12.33,12,Pass,Satisfactory,-1,Low Risk
STU-EB3589B5,GP,F,16,U,GT3,A,Higher Education,services,other,Portuguese,1,<2 hours,0,12,87.1,15,13,14,14.0,14,Pass,Good,-1,Medium Risk
STU-D2A6279B,GP,M,16,U,GT3,T,5th to 9th grade,at_home,other,Portuguese,1,<2 hours,0,4,95.7,9,9,11,9.67,11,Pass,Satisfactory,2,Low Risk
STU-F521A15A,GP,F,16,U,GT3,A,5th to 9th grade,other,other,Portuguese,1,<2 hours,1,12,87.1,13,11,11,11.67,11,Pass,Satisfactory,-2,Medium Risk
STU-60E1C036,GP,M,15,R,GT3,T,Higher Education,at_home,teacher,Portuguese,2,2 to 5 hours,0,2,97.85,12,11,11,11.33,11,Pass,Satisfactory,-1,Low Risk
STU-A823FE17,GP,F,15,U,GT3,T,Higher Education,services,at_home,Portuguese,3,5 to 10 hours,0,4,95.7,13,14,15,14.0,15,Pass,Good,2,Low Risk
STU-77852A18,GP,M,17,R,GT3,T,Higher Education,at_home,other,Portuguese,2,2 to 5 hours,0,2,97.85,10,9,10,9.67,10,Pass,Satisfactory,0,Low Risk
STU-6722A298,GP,F,16,R,GT3,T,Primary (4th grade),at_home,other,Portuguese,2,2 to 5 hours,0,0,100.0,14,13,13,13.33,13,Pass,Satisfactory,-1,Low Risk
STU-9892CC6F,GP,M,18,U,LE3,T,Secondary Education,services,services,Portuguese,1,<2 hours,0,2,97.85,11,11,12,11.33,12,Pass,Satisfactory,1,Low Risk
STU-E0506018,GP,F,18,U,GT3,A,Secondary Education,other,services,Portuguese,3,5 to 10 hours,0,10,89.25,12,11,11,11.33,11,Pass,Satisfactory,-1,Low Risk
STU-A6A23E79,GP,F,16,R,GT3,T,Primary (4th grade),other,services,Portuguese,1,<2 hours,0,8,91.4,12,11,11,11.33,11,Pass,Satisfactory,-1,Low Risk
STU-E1DECCF8,GP,F,16,U,GT3,A,Secondary Education,other,other,Portuguese,1,<2 hours,0,4,95.7,9,9,10,9.33,10,Pass,Satisfactory,1,Low Risk
STU-A5F1F649,GP,M,16,U,LE3,T,Primary (4th grade),services,other,Portuguese,2,2 to 5 hours,2,0,100.0,10,10,10,10.0,10,Pass,Satisfactory,0,Medium Risk
STU-69D23BE3,GP,F,15,U,GT3,T,Higher Education,teacher,teacher,Portuguese,1,<2 hours,0,6,93.55,13,14,14,13.67,14,Pass,Good,1,Low Risk
STU-33234FC4,GP,F,15,R,GT3,T,Primary (4th grade),other,other,Portuguese,1,<2 hours,1,2,97.85,8,9,9,8.67,9,Fail,At-Risk,1,High Risk
STU-5D8F9A50,GP,M,15,U,GT3,T,Higher Education,teacher,services,Portuguese,4,>10 hours,0,6,93.55,9,11,11,10.33,11,Pass,Satisfactory,2,Low Risk
STU-54BC9657,GP,F,15,U,GT3,A,Secondary Education,services,services,Portuguese,2,2 to 5 hours,0,24,74.19,9,8,9,8.67,9,Fail,At-Risk,0,High Risk
STU-A88F7DD8,GP,M,16,U,GT3,T,Higher Education,services,services,Portuguese,3,5 to 10 hours,0,0,100.0,15,13,13,13.67,13,Pass,Satisfactory,-2,Low Risk
STU-F10E7CA7,GP,M,16,U,LE3,T,5th to 9th grade,services,services,Portuguese,1,<2 hours,0,4,95.7,12,11,11,11.33,11,Pass,Satisfactory,-1,Low Risk
STU-D82D98E2,GP,F,15,U,GT3,T,Higher Education,teacher,services,Portuguese,3,5 to 10 hours,0,2,97.85,13,13,13,13.0,13,Pass,Satisfactory,0,Low Risk
STU-D062DEF0,GP,F,16,U,LE3,T,Primary (4th grade),at_home,at_home,Portuguese,1,<2 hours,0,4,95.7,10,11,11,10.67,11,Pass,Satisfactory,1,Low Risk
STU-B512432D,GP,F,15,U,GT3,T,Primary (4th grade),other,services,Portuguese,2,2 to 5 hours,0,0,100.0,12,12,12,12.0,12,Pass,Satisfactory,0,Low Risk
STU-DB604946,GP,F,15,U,LE3,A,5th to 9th grade,at_home,other,Portuguese,1,<2 hours,0,0,100.0,11,10,10,10.33,10,Pass,Satisfactory,-1,Low Risk
STU-3B5D435F,GP,F,15,U,GT3,T,Secondary Education,health,services,Portuguese,2,2 to 5 hours,1,2,97.85,11,11,11,11.0,11,Pass,Satisfactory,0,Medium Risk
STU-82865406,GP,F,15,U,GT3,T,5th to 9th grade,at_home,other,Portuguese,2,2 to 5 hours,0,6,93.55,13,12,13,12.67,13,Pass,Satisfactory,0,Low Risk
STU-188F7051,GP,F,15,U,GT3,T,5th to 9th grade,at_home,services,Portuguese,2,2 to 5 hours,0,6,93.55,11,11,11,11.0,11,Pass,Satisfactory,0,Low Risk
STU-632BF98A,GP,M,15,U,LE3,A,5th to 9th grade,services,other,Portuguese,1,<2 hours,0,0,100.0,12,11,11,11.33,11,Pass,Satisfactory,-1,Low Risk
STU-6C6F63DD,GP,M,18,U,LE3,T,Primary (4th grade),other,other,Portuguese,1,<2 hours,2,0,100.0,11,9,0,6.67,0,Fail,At-Risk,-11,High Risk
STU-ABEE31ED,GP,M,16,U,LE3,T,5th to 9th grade,at_home,other,Portuguese,1,<2 hours,1,6,93.55,9,10,10,9.67,10,Pass,Satisfactory,1,Medium Risk
STU-4431EC67,GP,F,15,R,GT3,T,Secondary Education,services,services,Portuguese,3,5 to 10 hours,0,2,97.85,13,13,13,13.0,13,Pass,Satisfactory,0,Low Risk
STU-82460453,GP,M,19,U,GT3,T,Secondary Education,services,at_home,Portuguese,1,<2 hours,0,6,93.55,11,9,11,10.33,11,Pass,Satisfactory,0,Low Risk
STU-DF320FB3,GP,F,17,U,GT3,T,Higher Education,other,teacher,Portuguese,1,<2 hours,0,0,100.0,13,13,13,13.0,13,Pass,Satisfactory,0,Low Risk
STU-17618AFF,GP,M,15,R,GT3,T,Secondary Education,at_home,services,Portuguese,2,2 to 5 hours,0,0,100.0,7,8,8,7.67,8,Fail,At-Risk,1,Medium Risk
STU-08AEF502,GP,M,17,R,LE3,T,5th to 9th grade,other,other,Portuguese,1,<2 hours,3,14,84.95,9,8,10,9.0,10,Pass,Satisfactory,1,Medium Risk
STU-3D082156,GP,F,18,R,GT3,T,Primary (4th grade),at_home,other,Portuguese,1,<2 hours,3,6,93.55,11,10,11,10.67,11,Pass,Satisfactory,0,Medium Risk
STU-119777A5,GP,M,16,R,GT3,T,5th to 9th grade,at_home,other,Portuguese,1,<2 hours,0,4,95.7,12,10,11,11.0,11,Pass,Satisfactory,-1,Low Risk
STU-28925959,GP,M,16,U,GT3,T,Secondary Education,other,services,Portuguese,2,2 to 5 hours,1,0,100.0,10,10,1,7.0,1,Fail,At-Risk,-9,High Risk
STU-7ADC1AE2,GP,M,16,U,LE3,T,5th to 9th grade,health,services,Portuguese,1,<2 hours,2,0,100.0,9,8,10,9.0,10,Pass,Satisfactory,1,Medium Risk
STU-DA9E5C08,GP,M,17,R,LE3,T,5th to 9th grade,at_home,other,Portuguese,1,<2 hours,1,8,91.4,8,8,9,8.33,9,Fail,At-Risk,1,High Risk
STU-D470E0BE,GP,M,17,R,GT3,T,Secondary Education,other,other,Portuguese,2,2 to 5 hours,2,4,95.7,7,6,8,7.0,8,Fail,At-Risk,1,High Risk
STU-D2646745,GP,M,15,U,LE3,T,5th to 9th grade,other,other,Portuguese,1,<2 hours,0,2,97.85,8,9,10,9.0,10,Pass,Satisfactory,2,Low Risk
STU-B361A933,GP,M,16,U,GT3,T,Secondary Education,at_home,services,Portuguese,1,<2 hours,1,2,97.85,9,8,8,8.33,8,Fail,At-Risk,-1,High Risk
STU-BBAFAF13,GP,M,17,R,LE3,T,Primary (4th grade),other,services,Portuguese,2,2 to 5 hours,0,0,100.0,8,8,8,8.0,8,Fail,At-Risk,0,Medium Risk
STU-C94A4718,GP,M,17,U,GT3,T,Secondary Education,services,services,Portuguese,1,<2 hours,3,10,89.25,8,7,8,7.67,8,Fail,At-Risk,0,High Risk
STU-785C0BE2,GP,M,16,U,GT3,T,5th to 9th grade,other,other,Portuguese,2,2 to 5 hours,0,0,100.0,9,10,11,10.0,11,Pass,Satisfactory,2,Low Risk
STU-E15E3EC8,GP,F,16,U,GT3,T,Higher Education,health,services,Portuguese,2,2 to 5 hours,0,0,100.0,17,17,18,17.33,18,Pass,Distinction,1,Low Risk
STU-7AF39DAA,GP,F,16,U,GT3,T,5th to 9th grade,other,other,Portuguese,2,2 to 5 hours,0,0,100.0,12,12,13,12.33,13,Pass,Satisfactory,1,Low Risk
STU-05500DAB,GP,F,16,U,GT3,T,Higher Education,health,health,Portuguese,2,2 to 5 hours,0,0,100.0,16,16,17,16.33,17,Pass,Distinction,1,Low Risk
STU-CE66669F,GP,M,16,U,GT3,T,Higher Education,other,other,Portuguese,1,<2 hours,1,4,95.7,9,9,10,9.33,10,Pass,Satisfactory,1,Medium Risk
STU-685FCE56,GP,M,16,U,GT3,T,Primary (4th grade),other,other,Portuguese,2,2 to 5 hours,0,0,100.0,16,17,18,17.0,18,Pass,Distinction,2,Low Risk
STU-F79B62BD,GP,M,17,U,LE3,T,Higher Education,teacher,other,Portuguese,2,2 to 5 hours,0,0,100.0,11,9,10,10.0,10,Pass,Satisfactory,-1,Low Risk
STU-449A60F3,GP,F,16,U,GT3,T,Secondary Education,at_home,services,Portuguese,2,2 to 5 hours,0,0,100.0,14,13,13,13.33,13,Pass,Satisfactory,-1,Low Risk
STU-0256B23F,GP,F,16,U,LE3,T,Secondary Education,other,other,Portuguese,2,2 to 5 hours,0,0,100.0,14,14,15,14.33,15,Pass,Good,1,Low Risk
STU-133463C2,GP,M,17,U,LE3,T,Higher Education,teacher,other,Portuguese,2,2 to 5 hours,0,0,100.0,10,11,11,10.67,11,Pass,Satisfactory,1,Low Risk
STU-D0D98679,GP,F,16,U,GT3,T,5th to 9th grade,services,other,Portuguese,2,2 to 5 hours,0,0,100.0,13,12,14,13.0,14,Pass,Good,1,Low Risk
STU-A9CD44A2,GP,M,17,U,GT3,T,Secondary Education,other,other,Portuguese,2,2 to 5 hours,0,4,95.7,11,9,10,10.0,10,Pass,Satisfactory,-1,Low Risk
STU-28B0A0EB,GP,M,16,R,GT3,T,Higher Education,teacher,services,Portuguese,1,<2 hours,0,8,91.4,10,9,11,10.0,11,Pass,Satisfactory,1,Low Risk
STU-EA531AD3,GP,M,17,U,GT3,T,Higher Education,other,other,Portuguese,2,2 to 5 hours,0,4,95.7,11,11,13,11.67,13,Pass,Satisfactory,2,Low Risk
STU-CF3B0A6D,GP,M,16,U,GT3,T,Higher Education,teacher,other,Portuguese,2,2 to 5 hours,0,4,95.7,11,10,11,10.67,11,Pass,Satisfactory,0,Low Risk
STU-AD5ED40A,GP,F,17,U,GT3,T,Higher Education,services,services,Portuguese,2,2 to 5 hours,0,0,100.0,17,18,17,17.33,17,Pass,Distinction,0,Low Risk
STU-6DCF56F1,GP,F,17,U,LE3,T,Secondary Education,other,other,Portuguese,2,2 to 5 hours,0,32,65.59,14,13,14,13.67,14,Pass,Good,0,Medium Risk
STU-C8BEF087,GP,F,16,U,GT3,T,Secondary Education,other,other,Portuguese,2,2 to 5 hours,0,8,91.4,14,15,16,15.0,16,Pass,Distinction,2,Low Risk
STU-0A8917A8,GP,M,17,U,GT3,T,Secondary Education,services,services,Portuguese,2,2 to 5 hours,0,6,93.55,11,13,14,12.67,14,Pass,Good,3,Low Risk
STU-A264454B,GP,M,16,U,GT3,T,5th to 9th grade,services,services,Portuguese,1,<2 hours,0,0,100.0,10,9,11,10.0,11,Pass,Satisfactory,1,Low Risk
STU-21326CB6,GP,M,16,U,LE3,T,5th to 9th grade,other,other,Portuguese,2,2 to 5 hours,0,0,100.0,13,14,16,14.33,16,Pass,Distinction,3,Low Risk
STU-F1A11A40,GP,F,17,U,GT3,A,Secondary Education,health,other,Portuguese,2,2 to 5 hours,0,10,89.25,12,13,14,13.0,14,Pass,Good,2,Low Risk
STU-548680C9,GP,M,17,R,GT3,T,5th to 9th grade,at_home,other,Portuguese,2,2 to 5 hours,0,6,93.55,9,9,10,9.33,10,Pass,Satisfactory,1,Low Risk
STU-A47A6B49,GP,F,16,U,GT3,T,Secondary Education,services,services,Portuguese,2,2 to 5 hours,0,6,93.55,12,12,13,12.33,13,Pass,Satisfactory,1,Low Risk
STU-B42126A7,GP,F,17,U,GT3,T,Primary (4th grade),at_home,services,Portuguese,2,2 to 5 hours,0,0,100.0,12,11,12,11.67,12,Pass,Satisfactory,0,Low Risk
STU-F4073123,GP,M,17,U,GT3,T,5th to 9th grade,at_home,services,Portuguese,2,2 to 5 hours,0,16,82.8,10,11,12,11.0,12,Pass,Satisfactory,2,Medium Risk
STU-494C9799,GP,M,16,R,GT3,T,Secondary Education,services,services,Portuguese,1,<2 hours,0,0,100.0,11,10,10,10.33,10,Pass,Satisfactory,-1,Low Risk
STU-07B44D91,GP,M,16,U,GT3,T,Secondary Education,other,other,Portuguese,1,<2 hours,0,0,100.0,13,12,12,12.33,12,Pass,Satisfactory,-1,Low Risk
STU-CB5D7ADB,GP,F,17,U,LE3,T,Higher Education,services,services,Portuguese,2,2 to 5 hours,0,8,91.4,14,15,16,15.0,16,Pass,Distinction,2,Low Risk
STU-64359A7E,GP,M,17,U,GT3,T,Higher Education,services,teacher,Portuguese,1,<2 hours,0,4,95.7,13,13,14,13.33,14,Pass,Good,1,Low Risk
STU-597B5529,GP,M,16,R,LE3,T,Secondary Education,teacher,other,Portuguese,1,<2 hours,0,16,82.8,10,11,12,11.0,12,Pass,Satisfactory,2,Medium Risk
STU-D0A23D7D,GP,F,17,U,GT3,T,Higher Education,services,teacher,Portuguese,1,<2 hours,1,30,67.74,14,15,16,15.0,16,Pass,Distinction,2,Medium Risk
STU-C3D573AC,GP,F,16,U,LE3,T,Higher Education,teacher,teacher,Portuguese,2,2 to 5 hours,0,0,100.0,11,10,11,10.67,11,Pass,Satisfactory,0,Low Risk
STU-B9438DC5,GP,F,16,U,GT3,T,Higher Education,health,other,Portuguese,2,2 to 5 hours,0,2,97.85,14,14,15,14.33,15,Pass,Good,1,Low Risk
STU-E9333265,GP,F,16,U,GT3,T,Secondary Education,other,other,Portuguese,2,2 to 5 hours,0,4,95.7,11,12,12,11.67,12,Pass,Satisfactory,1,Low Risk
STU-CA973392,GP,F,17,U,GT3,T,Primary (4th grade),other,other,Portuguese,2,2 to 5 hours,0,0,100.0,14,15,15,14.67,15,Pass,Good,1,Low Risk
STU-A241D719,GP,F,17,R,GT3,T,5th to 9th grade,other,other,Portuguese,1,<2 hours,0,21,77.42,13,13,13,13.0,13,Pass,Satisfactory,0,Medium Risk
STU-5CFACFC5,GP,F,16,R,GT3,T,5th to 9th grade,services,services,Portuguese,4,>10 hours,0,6,93.55,13,13,13,13.0,13,Pass,Satisfactory,0,Low Risk
STU-755EA237,GP,F,17,U,GT3,T,Higher Education,at_home,services,Portuguese,3,5 to 10 hours,1,14,84.95,8,9,8,8.33,8,Fail,At-Risk,0,High Risk
STU-B25B0B8A,GP,F,16,U,GT3,A,Secondary Education,services,other,Portuguese,2,2 to 5 hours,0,2,97.85,11,11,12,11.33,12,Pass,Satisfactory,1,Low Risk
STU-A9D0EC5B,GP,F,16,U,GT3,T,Higher Education,teacher,other,Portuguese,2,2 to 5 hours,0,4,95.7,14,15,15,14.67,15,Pass,Good,1,Low Risk
STU-A209EC8B,GP,F,16,U,GT3,T,Primary (4th grade),at_home,other,Portuguese,1,<2 hours,0,2,97.85,12,13,13,12.67,13,Pass,Satisfactory,1,Low Risk
STU-2DCA2DBA,GP,F,17,R,GT3,T,Higher Education,teacher,other,Portuguese,3,5 to 10 hours,0,0,100.0,11,12,12,11.67,12,Pass,Satisfactory,1,Low Risk
STU-2E15ECC6,GP,F,19,U,GT3,T,Secondary Education,other,other,Portuguese,4,>10 hours,0,4,95.7,12,12,12,12.0,12,Pass,Satisfactory,0,Low Risk
STU-94376763,GP,M,17,U,LE3,T,Higher Education,services,other,Portuguese,2,2 to 5 hours,0,15,83.87,13,12,12,12.33,12,Pass,Satisfactory,-1,Medium Risk
STU-F1AC58BF,GP,F,16,U,GT3,A,5th to 9th grade,other,other,Portuguese,2,2 to 5 hours,0,0,100.0,13,13,13,13.0,13,Pass,Satisfactory,0,Low Risk
STU-03C760E9,GP,M,18,U,GT3,T,5th to 9th grade,services,other,Portuguese,2,2 to 5 hours,0,10,89.25,12,11,11,11.33,11,Pass,Satisfactory,-1,Low Risk
STU-8AEA16C1,GP,F,17,R,LE3,T,Higher Education,services,other,Portuguese,1,<2 hours,0,6,93.55,12,11,11,11.33,11,Pass,Satisfactory,-1,Low Risk
STU-A0CB416D,GP,F,17,U,LE3,T,Secondary Education,other,other,Portuguese,2,2 to 5 hours,0,2,97.85,14,16,15,15.0,15,Pass,Good,1,Low Risk
STU-0298B413,GP,F,17,U,GT3,T,Higher Education,other,other,Portuguese,2,2 to 5 hours,0,16,82.8,11,9,10,10.0,10,Pass,Satisfactory,-1,Medium Risk
STU-C5AA3FF9,GP,M,18,U,LE3,T,Secondary Education,services,health,Portuguese,2,2 to 5 hours,0,10,89.25,10,10,10,10.0,10,Pass,Satisfactory,0,Low Risk
STU-AFAE430B,GP,F,17,U,GT3,T,Secondary Education,at_home,other,Portuguese,1,<2 hours,0,4,95.7,12,13,13,12.67,13,Pass,Satisfactory,1,Low Risk
STU-5E06A373,GP,F,17,U,GT3,T,5th to 9th grade,at_home,at_home,Portuguese,3,5 to 10 hours,0,0,100.0,12,12,13,12.33,13,Pass,Satisfactory,1,Low Risk
STU-DDFFE179,GP,F,17,R,GT3,T,5th to 9th grade,at_home,services,Portuguese,2,2 to 5 hours,0,0,100.0,11,10,11,10.67,11,Pass,Satisfactory,0,Low Risk
STU-952AD2DE,GP,F,17,U,GT3,T,Primary (4th grade),at_home,other,Portuguese,3,5 to 10 hours,0,12,87.1,12,12,12,12.0,12,Pass,Satisfactory,0,Medium Risk
STU-606A0FF9,GP,F,16,U,GT3,T,Secondary Education,services,teacher,Portuguese,2,2 to 5 hours,0,0,100.0,13,13,14,13.33,14,Pass,Good,1,Low Risk
STU-B77CE589,GP,M,18,U,GT3,T,5th to 9th grade,other,other,Portuguese,2,2 to 5 hours,3,9,90.32,10,9,10,9.67,10,Pass,Satisfactory,0,Medium Risk
STU-F782029E,GP,F,16,U,GT3,T,Higher Education,teacher,services,Portuguese,3,5 to 10 hours,0,4,95.7,15,16,16,15.67,16,Pass,Distinction,1,Low Risk
STU-BFAD3F0C,GP,F,18,R,GT3,T,Secondary Education,other,other,Portuguese,2,2 to 5 hours,0,4,95.7,8,8,8,8.0,8,Fail,At-Risk,0,Medium Risk
STU-ACF9A61B,GP,F,17,U,GT3,T,Secondary Education,other,other,Portuguese,2,2 to 5 hours,0,2,97.85,17,18,17,17.33,17,Pass,Distinction,0,Low Risk
STU-03EBED53,GP,M,17,U,LE3,T,Secondary Education,services,services,Portuguese,2,2 to 5 hours,0,0,100.0,10,11,11,10.67,11,Pass,Satisfactory,1,Low Risk
STU-1CA24876,GP,M,18,U,LE3,T,5th to 9th grade,at_home,other,Portuguese,2,2 to 5 hours,0,2,97.85,9,10,11,10.0,11,Pass,Satisfactory,2,Low Risk
STU-8E2F6D85,GP,F,17,U,GT3,A,5th to 9th grade,other,other,Portuguese,3,5 to 10 hours,0,0,100.0,15,15,16,15.33,16,Pass,Distinction,1,Low Risk
STU-AD672812,GP,F,17,U,LE3,T,Higher Education,health,other,Portuguese,2,2 to 5 hours,0,0,100.0,14,12,12,12.67,12,Pass,Satisfactory,-2,Low Risk
STU-B31BF7A8,GP,M,17,R,GT3,T,5th to 9th grade,other,other,Portuguese,2,2 to 5 hours,0,0,100.0,12,13,13,12.67,13,Pass,Satisfactory,1,Low Risk
STU-6239E0AA,GP,M,17,U,GT3,T,Higher Education,teacher,teacher,Portuguese,2,2 to 5 hours,0,0,100.0,13,13,13,13.0,13,Pass,Satisfactory,0,Low Risk
STU-A384DF3F,GP,M,16,U,GT3,T,Higher Education,health,other,Portuguese,2,2 to 5 hours,0,0,100.0,13,13,14,13.33,14,Pass,Good,1,Low Risk
STU-C0906E54,GP,M,16,U,LE3,T,Primary (4th grade),other,other,Portuguese,2,2 to 5 hours,0,2,97.85,9,9,9,9.0,9,Fail,At-Risk,0,Medium Risk
STU-7C5275E4,GP,M,16,U,GT3,T,Secondary Education,at_home,other,Portuguese,3,5 to 10 hours,0,0,100.0,12,12,12,12.0,12,Pass,Satisfactory,0,Low Risk
STU-399BD0DC,GP,M,17,U,LE3,T,5th to 9th grade,other,other,Portuguese,2,2 to 5 hours,0,0,100.0,16,16,16,16.0,16,Pass,Distinction,0,Low Risk
STU-EEE66B23,GP,F,16,U,GT3,T,5th to 9th grade,other,other,Portuguese,1,<2 hours,0,4,95.7,9,10,10,9.67,10,Pass,Satisfactory,1,Low Risk
STU-01490824,GP,F,16,U,GT3,A,Higher Education,other,other,Portuguese,2,2 to 5 hours,0,0,100.0,14,13,13,13.33,13,Pass,Satisfactory,-1,Low Risk
STU-72DD8E6B,GP,F,18,U,LE3,A,Higher Education,services,other,Portuguese,2,2 to 5 hours,1,18,80.65,10,10,10,10.0,10,Pass,Satisfactory,0,Medium Risk
STU-86199ADA,GP,F,18,U,LE3,T,5th to 9th grade,at_home,services,Portuguese,2,2 to 5 hours,1,16,82.8,9,8,10,9.0,10,Pass,Satisfactory,1,Medium Risk
STU-AD844083,GP,F,18,U,GT3,T,Secondary Education,other,other,Portuguese,1,<2 hours,1,14,84.95,8,7,7,7.33,7,Fail,At-Risk,-1,High Risk
STU-11DB36E9,GP,M,18,U,GT3,T,5th to 9th grade,other,at_home,Portuguese,1,<2 hours,1,26,72.04,7,8,8,7.67,8,Fail,At-Risk,1,High Risk
STU-20D8D327,GP,M,17,U,GT3,T,Higher Education,teacher,teacher,Portuguese,1,<2 hours,0,6,93.55,10,8,9,9.0,9,Fail,At-Risk,-1,Medium Risk
STU-49D51390,GP,F,17,U,GT3,T,Secondary Education,other,other,Portuguese,2,2 to 5 hours,0,4,95.7,14,14,15,14.33,15,Pass,Good,1,Low Risk
STU-17E7181C,GP,F,17,U,LE3,T,Primary (4th grade),at_home,at_home,Portuguese,3,5 to 10 hours,0,10,89.25,11,10,10,10.33,10,Pass,Satisfactory,-1,Low Risk
STU-239D2E0B,GP,F,16,U,GT3,T,5th to 9th grade,other,other,Portuguese,1,<2 hours,0,4,95.7,12,11,11,11.33,11,Pass,Satisfactory,-1,Low Risk
STU-FD414DCB,GP,F,17,R,GT3,T,5th to 9th grade,at_home,services,Portuguese,2,2 to 5 hours,0,2,97.85,13,13,13,13.0,13,Pass,Satisfactory,0,Low Risk
STU-63C63F20,GP,F,17,R,LE3,A,Higher Education,other,other,Portuguese,1,<2 hours,1,14,84.95,9,9,8,8.67,8,Fail,At-Risk,-1,High Risk
STU-D0C0FB9C,GP,M,18,U,GT3,T,5th to 9th grade,other,services,Portuguese,2,2 to 5 hours,0,16,82.8,8,7,8,7.67,8,Fail,At-Risk,0,High Risk
STU-85DCA321,GP,F,17,U,LE3,A,5th to 9th grade,other,other,Portuguese,1,<2 hours,1,8,91.4,11,9,10,10.0,10,Pass,Satisfactory,-1,Medium Risk
STU-5BE9B4F0,GP,F,17,R,LE3,T,Primary (4th grade),at_home,other,Portuguese,3,5 to 10 hours,0,4,95.7,15,14,15,14.67,15,Pass,Good,0,Low Risk
STU-CBE2D635,GP,F,17,U,LE3,A,Higher Education,teacher,other,Portuguese,2,2 to 5 hours,0,4,95.7,15,14,14,14.33,14,Pass,Good,-1,Low Risk
STU-384A4DC6,GP,M,17,U,LE3,T,Higher Education,health,other,Portuguese,2,2 to 5 hours,0,8,91.4,15,15,15,15.0,15,Pass,Good,0,Low Risk
STU-C6493C68,GP,M,17,R,LE3,A,Higher Education,teacher,other,Portuguese,2,2 to 5 hours,0,0,100.0,12,12,12,12.0,12,Pass,Satisfactory,0,Low Risk
STU-5D622B00,GP,M,16,U,LE3,T,Higher Education,teacher,other,Portuguese,1,<2 hours,0,7,92.47,14,14,15,14.33,15,Pass,Good,1,Low Risk
STU-8ADF8E42,GP,F,17,U,GT3,T,Higher Education,teacher,services,Portuguese,2,2 to 5 hours,0,2,97.85,11,11,12,11.33,12,Pass,Satisfactory,1,Low Risk
STU-2066BAC3,GP,M,17,R,GT3,T,Primary (4th grade),other,other,Portuguese,3,5 to 10 hours,0,2,97.85,13,14,15,14.0,15,Pass,Good,2,Low Risk
STU-9B9DBF20,GP,F,17,U,GT3,T,Secondary Education,services,other,Portuguese,3,5 to 10 hours,0,10,89.25,11,11,11,11.0,11,Pass,Satisfactory,0,Low Risk
STU-11FFB57A,GP,F,17,U,GT3,T,Primary (4th grade),at_home,other,Portuguese,2,2 to 5 hours,0,10,89.25,10,9,10,9.67,10,Pass,Satisfactory,0,Low Risk
STU-D47BC8C3,GP,F,18,U,GT3,T,5th to 9th grade,other,other,Portuguese,3,5 to 10 hours,0,10,89.25,12,10,11,11.0,11,Pass,Satisfactory,-1,Low Risk
STU-55CBB3CD,GP,M,16,U,GT3,T,5th to 9th grade,other,other,Portuguese,1,<2 hours,0,7,92.47,15,16,16,15.67,16,Pass,Distinction,1,Low Risk
STU-D5DDCD52,GP,F,17,U,GT3,T,Primary (4th grade),other,services,Portuguese,2,2 to 5 hours,0,4,95.7,11,10,11,10.67,11,Pass,Satisfactory,0,Low Risk
STU-90A8CAE5,GP,M,17,U,GT3,T,Secondary Education,other,other,Portuguese,1,<2 hours,0,2,97.85,9,12,13,11.33,13,Pass,Satisfactory,4,Low Risk
STU-13A3D4D6,GP,M,22,U,GT3,T,Secondary Education,services,services,Portuguese,1,<2 hours,3,12,87.1,7,8,5,6.67,5,Fail,At-Risk,-2,High Risk
STU-F5A769BC,GP,M,18,R,LE3,T,Secondary Education,other,services,Portuguese,2,2 to 5 hours,0,8,91.4,10,9,10,9.67,10,Pass,Satisfactory,0,Low Risk
STU-1942A5DD,GP,M,16,U,GT3,T,5th to 9th grade,other,other,Portuguese,1,<2 hours,0,0,100.0,11,12,11,11.33,11,Pass,Satisfactory,0,Low Risk
STU-D1D91C87,GP,M,18,U,GT3,T,Secondary Education,services,other,Portuguese,1,<2 hours,0,8,91.4,7,8,7,7.33,7,Fail,At-Risk,0,Medium Risk
STU-B6D3191C,GP,M,16,U,GT3,T,Secondary Education,at_home,other,Portuguese,2,2 to 5 hours,1,4,95.7,9,11,10,10.0,10,Pass,Satisfactory,1,Medium Risk
STU-0A169768,GP,M,18,U,GT3,T,5th to 9th grade,services,services,Portuguese,1,<2 hours,2,4,95.7,7,8,6,7.0,6,Fail,At-Risk,-1,High Risk
STU-2506154C,GP,M,16,R,GT3,T,5th to 9th grade,other,other,Portuguese,1,<2 hours,0,2,97.85,14,13,12,13.0,12,Pass,Satisfactory,-2,Low Risk
STU-7877D315,GP,M,17,R,GT3,T,5th to 9th grade,other,other,Portuguese,1,<2 hours,0,0,100.0,12,12,13,12.33,13,Pass,Satisfactory,1,Low Risk
STU-AF2BAA0C,GP,M,17,U,LE3,T,Primary (4th grade),health,other,Portuguese,1,<2 hours,1,0,100.0,9,10,10,9.67,10,Pass,Satisfactory,1,Medium Risk
STU-D58D207B,GP,F,18,U,LE3,A,5th to 9th grade,other,other,Portuguese,2,2 to 5 hours,0,2,97.85,12,12,13,12.33,13,Pass,Satisfactory,1,Low Risk
STU-B7D2C986,GP,F,17,U,LE3,T,Higher Education,teacher,services,Portuguese,4,>10 hours,0,2,97.85,14,15,17,15.33,17,Pass,Distinction,3,Low Risk
STU-9954BC01,GP,F,19,U,GT3,T,5th to 9th grade,services,services,Portuguese,2,2 to 5 hours,0,0,100.0,10,10,11,10.33,11,Pass,Satisfactory,1,Low Risk
STU-22EA2ABB,GP,M,18,U,LE3,T,5th to 9th grade,services,other,Portuguese,2,2 to 5 hours,1,4,95.7,11,10,11,10.67,11,Pass,Satisfactory,0,Medium Risk
STU-5E2556E5,GP,F,17,R,GT3,T,Higher Education,other,other,Portuguese,3,5 to 10 hours,0,2,97.85,11,12,14,12.33,14,Pass,Good,3,Low Risk
STU-B563DD6A,GP,F,18,U,LE3,T,Primary (4th grade),other,at_home,Portuguese,3,5 to 10 hours,0,4,95.7,11,12,14,12.33,14,Pass,Good,3,Low Risk
STU-5FFA7709,GP,F,18,R,GT3,T,5th to 9th grade,other,other,Portuguese,2,2 to 5 hours,0,4,95.7,11,11,13,11.67,13,Pass,Satisfactory,2,Low Risk
STU-B9EFB0DE,GP,M,19,U,LE3,A,Higher Education,services,at_home,Portuguese,2,2 to 5 hours,0,4,95.7,11,13,14,12.67,14,Pass,Good,3,Low Risk
STU-17D92758,GP,M,18,U,GT3,T,5th to 9th grade,other,other,Portuguese,2,2 to 5 hours,0,2,97.85,16,16,16,16.0,16,Pass,Distinction,0,Low Risk
STU-88BD4735,GP,M,17,R,GT3,T,5th to 9th grade,other,services,Portuguese,1,<2 hours,0,0,100.0,9,10,10,9.67,10,Pass,Satisfactory,1,Low Risk
STU-F341E88E,GP,F,17,U,LE3,T,5th to 9th grade,services,services,Portuguese,4,>10 hours,0,2,97.85,10,11,12,11.0,12,Pass,Satisfactory,2,Low Risk
STU-02615315,GP,F,20,R,GT3,T,5th to 9th grade,other,other,Portuguese,2,2 to 5 hours,0,8,91.4,10,12,12,11.33,12,Pass,Satisfactory,2,Low Risk
STU-5032226C,GP,F,18,U,GT3,T,Higher Education,services,other,Portuguese,2,2 to 5 hours,0,2,97.85,15,15,15,15.0,15,Pass,Good,0,Low Risk
STU-729F8030,GP,M,18,U,GT3,T,Higher Education,teacher,other,Portuguese,2,2 to 5 hours,0,2,97.85,10,10,11,10.33,11,Pass,Satisfactory,1,Low Risk
STU-9AA0DF8E,GP,M,18,R,GT3,T,Secondary Education,other,other,Portuguese,3,5 to 10 hours,0,2,97.85,10,11,12,11.0,12,Pass,Satisfactory,2,Low Risk
STU-8420A4D7,GP,F,17,U,GT3,T,Secondary Education,other,other,Portuguese,3,5 to 10 hours,0,2,97.85,15,12,13,13.33,13,Pass,Satisfactory,-2,Low Risk
STU-939050D8,GP,F,18,U,GT3,T,5th to 9th grade,at_home,services,Portuguese,3,5 to 10 hours,0,0,100.0,11,12,13,12.0,13,Pass,Satisfactory,2,Low Risk
STU-0E548630,GP,M,17,U,GT3,T,5th to 9th grade,other,other,Portuguese,1,<2 hours,0,8,91.4,8,8,9,8.33,9,Fail,At-Risk,1,Medium Risk
STU-663B05F4,GP,M,18,R,LE3,A,Higher Education,other,other,Portuguese,2,2 to 5 hours,0,6,93.55,15,16,16,15.67,16,Pass,Distinction,1,Low Risk
STU-83C293F0,GP,M,17,U,GT3,T,Secondary Education,services,other,Portuguese,2,2 to 5 hours,0,0,100.0,11,11,14,12.0,14,Pass,Good,3,Low Risk
STU-C6BC5A32,GP,F,18,R,GT3,T,Higher Education,teacher,other,Portuguese,2,2 to 5 hours,0,8,91.4,10,11,12,11.0,12,Pass,Satisfactory,2,Low Risk
STU-6225567B,GP,M,18,U,GT3,T,Higher Education,health,other,Portuguese,2,2 to 5 hours,0,4,95.7,10,12,14,12.0,14,Pass,Good,4,Low Risk
STU-2ACF751E,GP,F,18,R,GT3,T,5th to 9th grade,other,other,Portuguese,2,2 to 5 hours,0,12,87.1,8,9,10,9.0,10,Pass,Satisfactory,2,Medium Risk
STU-40EBB74A,GP,F,19,U,GT3,T,Secondary Education,other,services,Portuguese,2,2 to 5 hours,0,16,82.8,11,12,12,11.67,12,Pass,Satisfactory,1,Medium Risk
STU-B2DFBB62,GP,F,18,U,GT3,T,Secondary Education,other,services,Portuguese,4,>10 hours,0,10,89.25,16,16,16,16.0,16,Pass,Distinction,0,Low Risk
STU-77569D3A,GP,F,18,U,LE3,T,Primary (4th grade),other,other,Portuguese,2,2 to 5 hours,0,2,97.85,13,13,13,13.0,13,Pass,Satisfactory,0,Low Risk
STU-EC7CDC45,GP,M,17,R,GT3,T,5th to 9th grade,at_home,at_home,Portuguese,2,2 to 5 hours,0,2,97.85,16,17,18,17.0,18,Pass,Distinction,2,Low Risk
STU-59987E38,GP,F,18,U,GT3,T,5th to 9th grade,other,other,Portuguese,2,2 to 5 hours,0,8,91.4,14,14,15,14.33,15,Pass,Good,1,Low Risk
STU-F8A5F432,GP,F,17,U,GT3,T,Higher Education,at_home,health,Portuguese,2,2 to 5 hours,0,6,93.55,15,16,16,15.67,16,Pass,Distinction,1,Low Risk
STU-1239B6F2,GP,F,17,U,LE3,T,5th to 9th grade,services,other,Portuguese,2,2 to 5 hours,0,6,93.55,12,12,12,12.0,12,Pass,Satisfactory,0,Low Risk
STU-868C470A,GP,F,18,R,GT3,A,Secondary Education,other,services,Portuguese,2,2 to 5 hours,0,15,83.87,12,9,10,10.33,10,Pass,Satisfactory,-2,Medium Risk
STU-C1BB86AE,GP,M,18,U,GT3,T,Higher Education,teacher,services,Portuguese,1,<2 hours,0,6,93.55,11,12,12,11.67,12,Pass,Satisfactory,1,Low Risk
STU-AFFE5E56,GP,F,18,U,GT3,T,Higher Education,health,health,Portuguese,2,2 to 5 hours,1,2,97.85,14,12,13,13.0,13,Pass,Satisfactory,-1,Medium Risk
STU-98611A09,GP,F,17,U,GT3,T,5th to 9th grade,other,services,Portuguese,3,5 to 10 hours,0,8,91.4,13,15,15,14.33,15,Pass,Good,2,Low Risk
STU-4851F48F,GP,F,19,R,GT3,T,Secondary Education,services,services,Portuguese,2,2 to 5 hours,1,0,100.0,9,8,10,9.0,10,Pass,Satisfactory,1,Medium Risk
STU-33DA4042,GP,M,18,U,LE3,T,Higher Education,teacher,services,Portuguese,1,<2 hours,0,0,100.0,10,10,10,10.0,10,Pass,Satisfactory,0,Low Risk
STU-F2F16061,GP,M,18,U,GT3,T,5th to 9th grade,at_home,other,Portuguese,1,<2 hours,0,10,89.25,10,10,11,10.33,11,Pass,Satisfactory,1,Low Risk
STU-D9731AC3,GP,M,17,U,LE3,A,Higher Education,services,other,Portuguese,1,<2 hours,0,22,76.34,11,11,10,10.67,10,Pass,Satisfactory,-1,Medium Risk
STU-CF0BFA6F,GP,M,17,U,LE3,A,Secondary Education,teacher,services,Portuguese,1,<2 hours,0,18,80.65,13,13,13,13.0,13,Pass,Satisfactory,0,Medium Risk
STU-B5995CD1,GP,F,18,R,LE3,T,Primary (4th grade),at_home,other,Portuguese,4,>10 hours,0,2,97.85,17,17,18,17.33,18,Pass,Distinction,1,Low Risk
STU-E99A0A05,GP,F,18,U,GT3,T,Primary (4th grade),other,other,Portuguese,2,2 to 5 hours,0,0,100.0,12,13,13,12.67,13,Pass,Satisfactory,1,Low Risk
STU-7681CF07,GP,F,17,U,GT3,T,5th to 9th grade,other,other,Portuguese,2,2 to 5 hours,0,12,87.1,12,12,14,12.67,14,Pass,Good,2,Medium Risk
STU-306CA010,GP,F,18,U,GT3,T,5th to 9th grade,other,other,Portuguese,2,2 to 5 hours,0,10,89.25,12,13,14,13.0,14,Pass,Good,2,Low Risk
STU-3E0DD1D5,GP,M,17,U,GT3,T,Primary (4th grade),other,other,Portuguese,2,2 to 5 hours,0,0,100.0,12,12,12,12.0,12,Pass,Satisfactory,0,Low Risk
STU-DA6D3B87,GP,F,18,U,GT3,T,5th to 9th grade,at_home,at_home,Portuguese,3,5 to 10 hours,0,0,100.0,18,18,18,18.0,18,Pass,Distinction,0,Low Risk
STU-166D1425,GP,F,17,U,GT3,T,Primary (4th grade),services,teacher,Portuguese,3,5 to 10 hours,0,0,100.0,13,13,14,13.33,14,Pass,Good,1,Low Risk
STU-DC6B1F4F,GP,M,18,U,GT3,T,5th to 9th grade,services,services,Portuguese,3,5 to 10 hours,0,0,100.0,14,15,15,14.67,15,Pass,Good,1,Low Risk
STU-2DDE1326,GP,M,18,U,LE3,A,Higher Education,teacher,teacher,Portuguese,2,2 to 5 hours,0,0,100.0,17,17,17,17.0,17,Pass,Distinction,0,Low Risk
STU-DB53C071,GP,M,18,U,GT3,T,Higher Education,teacher,other,Portuguese,2,2 to 5 hours,0,2,97.85,15,16,16,15.67,16,Pass,Distinction,1,Low Risk
STU-E810C8F8,GP,F,17,U,GT3,T,Higher Education,health,services,Portuguese,3,5 to 10 hours,0,0,100.0,17,18,18,17.67,18,Pass,Distinction,1,Low Risk
STU-D2DBCC0A,GP,F,17,R,LE3,T,Secondary Education,services,other,Portuguese,4,>10 hours,0,0,100.0,18,19,19,18.67,19,Pass,Distinction,1,Low Risk
STU-33295AD4,GP,M,18,R,LE3,T,Secondary Education,services,other,Portuguese,3,5 to 10 hours,0,0,100.0,14,15,15,14.67,15,Pass,Good,1,Low Risk
STU-3B408F4C,GP,M,17,U,GT3,T,Secondary Education,health,other,Portuguese,1,<2 hours,0,0,100.0,14,15,15,14.67,15,Pass,Good,1,Low Risk
STU-E553DB82,GP,F,19,U,GT3,T,Higher Education,health,other,Portuguese,2,2 to 5 hours,0,2,97.85,14,13,13,13.33,13,Pass,Satisfactory,-1,Low Risk
STU-E55D0EBF,GP,F,18,U,LE3,T,Higher Education,other,other,Portuguese,2,2 to 5 hours,0,0,100.0,13,14,14,13.67,14,Pass,Good,1,Low Risk
STU-02538BD8,GP,F,18,U,GT3,T,Higher Education,other,other,Portuguese,4,>10 hours,0,0,100.0,16,17,17,16.67,17,Pass,Distinction,1,Low Risk
STU-5C28817B,GP,M,18,U,LE3,T,Higher Education,teacher,teacher,Portuguese,1,<2 hours,0,0,100.0,18,18,17,17.67,17,Pass,Distinction,-1,Low Risk
STU-07E38447,GP,F,18,U,LE3,A,Higher Education,health,other,Portuguese,2,2 to 5 hours,0,0,100.0,14,15,15,14.67,15,Pass,Good,1,Low Risk
STU-4140EDDD,GP,M,17,U,LE3,T,Higher Education,other,teacher,Portuguese,1,<2 hours,0,0,100.0,12,13,13,12.67,13,Pass,Satisfactory,1,Low Risk
STU-461043E7,GP,F,17,R,GT3,T,Higher Education,services,services,Portuguese,3,5 to 10 hours,0,0,100.0,7,7,8,7.33,8,Fail,At-Risk,1,Medium Risk
STU-22B7FA9B,GP,F,17,U,GT3,T,Higher Education,other,other,Portuguese,3,5 to 10 hours,0,0,100.0,16,16,16,16.0,16,Pass,Distinction,0,Low Risk
STU-52B3F146,GP,F,17,U,GT3,T,Secondary Education,health,health,Portuguese,4,>10 hours,0,0,100.0,18,18,18,18.0,18,Pass,Distinction,0,Low Risk
STU-AC0A48D6,GP,M,19,R,LE3,T,5th to 9th grade,at_home,services,Portuguese,3,5 to 10 hours,1,0,100.0,9,10,11,10.0,11,Pass,Satisfactory,2,Medium Risk
STU-71A1F5C2,GP,M,20,U,GT3,A,Secondary Education,services,other,Portuguese,1,<2 hours,2,0,100.0,14,15,15,14.67,15,Pass,Good,1,Medium Risk
STU-E7D1A49D,GP,M,19,R,GT3,T,Secondary Education,other,services,Portuguese,2,2 to 5 hours,0,0,100.0,10,10,11,10.33,11,Pass,Satisfactory,1,Low Risk
STU-F8277073,GP,F,18,U,GT3,T,Higher Education,other,teacher,Portuguese,2,2 to 5 hours,0,2,97.85,10,10,11,10.33,11,Pass,Satisfactory,1,Low Risk
STU-94E39F61,GP,F,18,U,GT3,T,5th to 9th grade,services,other,Portuguese,2,2 to 5 hours,0,2,97.85,12,12,15,13.0,15,Pass,Good,3,Low Risk
STU-05FD959E,GP,F,17,U,GT3,T,Secondary Education,other,other,Portuguese,2,2 to 5 hours,0,2,97.85,11,12,14,12.33,14,Pass,Good,3,Low Risk
STU-4FB07A05,GP,F,17,R,GT3,T,Higher Education,teacher,teacher,Portuguese,1,<2 hours,0,2,97.85,15,16,17,16.0,17,Pass,Distinction,2,Low Risk
STU-DD8DF6E2,GP,F,18,U,GT3,T,Higher Education,other,other,Portuguese,3,5 to 10 hours,0,2,97.85,14,15,17,15.33,17,Pass,Distinction,3,Low Risk
STU-734355E2,GP,F,18,U,LE3,T,Higher Education,health,services,Portuguese,1,<2 hours,0,8,91.4,12,12,15,13.0,15,Pass,Good,3,Low Risk
STU-AA3A7090,GP,F,17,R,GT3,T,Higher Education,at_home,services,Portuguese,3,5 to 10 hours,0,2,97.85,15,15,17,15.67,17,Pass,Distinction,2,Low Risk
STU-1474FDBD,GP,F,18,U,GT3,T,Secondary Education,at_home,other,Portuguese,2,2 to 5 hours,0,8,91.4,11,12,14,12.33,14,Pass,Good,3,Low Risk
STU-E992517F,GP,M,19,U,GT3,T,Higher Education,health,other,Portuguese,2,2 to 5 hours,0,9,90.32,11,10,10,10.33,10,Pass,Satisfactory,-1,Low Risk
STU-5B44A9D3,GP,F,18,U,GT3,T,Higher Education,teacher,other,Portuguese,2,2 to 5 hours,0,0,100.0,12,11,13,12.0,13,Pass,Satisfactory,1,Low Risk
STU-0320C003,GP,F,18,U,GT3,T,Higher Education,other,other,Portuguese,1,<2 hours,0,4,95.7,11,12,14,12.33,14,Pass,Good,3,Low Risk
STU-69307B4A,GP,F,17,U,GT3,T,Higher Education,health,health,Portuguese,1,<2 hours,0,2,97.85,14,15,17,15.33,17,Pass,Distinction,3,Low Risk
STU-DE2ACAEE,GP,F,17,U,GT3,A,Higher Education,services,services,Portuguese,2,2 to 5 hours,0,14,84.95,15,14,17,15.33,17,Pass,Distinction,2,Medium Risk
STU-C46B1609,GP,F,17,U,LE3,A,Secondary Education,services,other,Portuguese,2,2 to 5 hours,0,0,100.0,12,12,13,12.33,13,Pass,Satisfactory,1,Low Risk
STU-ED831F38,GP,F,17,U,LE3,T,5th to 9th grade,other,other,Portuguese,2,2 to 5 hours,0,2,97.85,11,12,14,12.33,14,Pass,Good,3,Low Risk
STU-265C110E,GP,M,18,U,LE3,T,Higher Education,other,other,Portuguese,1,<2 hours,0,2,97.85,8,9,11,9.33,11,Pass,Satisfactory,3,Low Risk
STU-65703DF3,GP,F,19,U,GT3,T,Primary (4th grade),other,other,Portuguese,3,5 to 10 hours,0,12,87.1,10,10,11,10.33,11,Pass,Satisfactory,1,Medium Risk
STU-A0976536,GP,F,19,U,LE3,A,Primary (4th grade),other,other,Portuguese,2,2 to 5 hours,2,2,97.85,8,8,9,8.33,9,Fail,At-Risk,1,High Risk
STU-796A09C0,GP,F,18,U,GT3,T,5th to 9th grade,other,other,Portuguese,1,<2 hours,0,2,97.85,10,10,10,10.0,10,Pass,Satisfactory,0,Low Risk
STU-5A229EF5,GP,F,17,U,GT3,T,5th to 9th grade,other,other,Portuguese,2,2 to 5 hours,0,4,95.7,14,13,13,13.33,13,Pass,Satisfactory,-1,Low Risk
STU-A8C0AD64,GP,F,17,R,LE3,T,5th to 9th grade,services,services,Portuguese,3,5 to 10 hours,0,0,100.0,11,11,10,10.67,10,Pass,Satisfactory,-1,Low Risk
STU-99ED1429,GP,F,17,U,GT3,T,Secondary Education,services,services,Portuguese,3,5 to 10 hours,0,0,100.0,17,18,17,17.33,17,Pass,Distinction,0,Low Risk
STU-51385447,GP,F,17,U,LE3,T,5th to 9th grade,at_home,at_home,Portuguese,3,5 to 10 hours,0,0,100.0,14,14,15,14.33,15,Pass,Good,1,Low Risk
STU-3DB65053,GP,M,18,U,GT3,T,Higher Education,other,other,Portuguese,3,5 to 10 hours,0,0,100.0,13,14,13,13.33,13,Pass,Satisfactory,0,Low Risk
STU-4567FD41,GP,M,17,U,GT3,T,Secondary Education,other,services,Portuguese,1,<2 hours,0,0,100.0,17,18,17,17.33,17,Pass,Distinction,0,Low Risk
STU-01EB470B,GP,M,17,R,GT3,T,5th to 9th grade,services,other,Portuguese,1,<2 hours,0,2,97.85,11,10,10,10.33,10,Pass,Satisfactory,-1,Low Risk
STU-5D4FC8BB,GP,F,17,U,GT3,T,Higher Education,teacher,teacher,Portuguese,3,5 to 10 hours,0,4,95.7,15,14,15,14.67,15,Pass,Good,0,Low Risk
STU-0953A36D,GP,F,17,U,GT3,T,Secondary Education,at_home,other,Portuguese,1,<2 hours,0,2,97.85,11,12,11,11.33,11,Pass,Satisfactory,0,Low Risk
STU-E8C83903,GP,M,18,U,LE3,T,5th to 9th grade,other,other,Portuguese,4,>10 hours,0,0,100.0,11,11,12,11.33,12,Pass,Satisfactory,1,Low Risk
STU-B41C341C,GP,M,19,R,GT3,T,Secondary Education,at_home,services,Portuguese,1,<2 hours,0,0,100.0,11,10,10,10.33,10,Pass,Satisfactory,-1,Low Risk
STU-DF76F2BF,GP,F,18,U,GT3,T,5th to 9th grade,at_home,other,Portuguese,2,2 to 5 hours,0,2,97.85,10,9,10,9.67,10,Pass,Satisfactory,0,Low Risk
STU-DF3DFD1C,GP,F,17,R,GT3,T,Higher Education,at_home,other,Portuguese,3,5 to 10 hours,0,0,100.0,15,15,15,15.0,15,Pass,Good,0,Low Risk
STU-45E8C5A5,GP,M,18,U,GT3,T,5th to 9th grade,other,other,Portuguese,1,<2 hours,0,6,93.55,15,14,15,14.67,15,Pass,Good,0,Low Risk
STU-CFE96450,GP,F,18,U,GT3,T,Secondary Education,services,services,Portuguese,2,2 to 5 hours,0,8,91.4,10,11,12,11.0,12,Pass,Satisfactory,2,Low Risk
STU-6EDD3247,GP,F,18,U,LE3,T,5th to 9th grade,other,other,Portuguese,2,2 to 5 hours,0,0,100.0,10,9,12,10.33,12,Pass,Satisfactory,2,Low Risk
STU-2DDFB354,GP,F,18,R,GT3,T,5th to 9th grade,at_home,other,Portuguese,4,>10 hours,0,6,93.55,14,13,14,13.67,14,Pass,Good,0,Low Risk
STU-904B8855,GP,F,17,U,GT3,T,Higher Education,services,other,Portuguese,3,5 to 10 hours,0,8,91.4,11,13,14,12.67,14,Pass,Good,3,Low Risk
STU-32AC7410,GP,F,17,U,GT3,T,Secondary Education,other,other,Portuguese,2,2 to 5 hours,0,0,100.0,12,13,15,13.33,15,Pass,Good,3,Low Risk
STU-0638F977,GP,F,18,U,LE3,T,Secondary Education,services,services,Portuguese,4,>10 hours,0,4,95.7,14,14,15,14.33,15,Pass,Good,1,Low Risk
STU-6DF9BB94,GP,F,17,R,GT3,A,Secondary Education,other,other,Portuguese,2,2 to 5 hours,0,0,100.0,14,14,16,14.67,16,Pass,Distinction,2,Low Risk
STU-CD81E3F8,GP,M,18,U,LE3,T,Higher Education,services,other,Portuguese,2,2 to 5 hours,0,6,93.55,16,16,17,16.33,17,Pass,Distinction,1,Low Risk
STU-21DAB688,GP,F,17,U,GT3,A,5th to 9th grade,at_home,at_home,Portuguese,2,2 to 5 hours,0,18,80.65,10,12,14,12.0,14,Pass,Good,4,Medium Risk
STU-732F6983,GP,F,18,U,GT3,T,Secondary Education,at_home,other,Portuguese,3,5 to 10 hours,0,0,100.0,11,12,14,12.33,14,Pass,Good,3,Low Risk
STU-70C171D3,GP,F,18,U,GT3,T,Secondary Education,other,services,Portuguese,3,5 to 10 hours,0,4,95.7,14,16,17,15.67,17,Pass,Distinction,3,Low Risk
STU-3F9ADA08,GP,M,18,R,GT3,T,Higher Education,teacher,services,Portuguese,3,5 to 10 hours,0,4,95.7,15,14,17,15.33,17,Pass,Distinction,2,Low Risk
STU-51027C17,GP,M,18,U,GT3,T,Higher Education,teacher,other,Portuguese,3,5 to 10 hours,0,0,100.0,14,13,14,13.67,14,Pass,Good,0,Low Risk
STU-18F11CAF,GP,F,17,U,GT3,T,Higher Education,health,other,Portuguese,3,5 to 10 hours,0,0,100.0,11,12,13,12.0,13,Pass,Satisfactory,2,Low Risk
STU-018130B7,GP,F,17,U,GT3,T,5th to 9th grade,services,other,Portuguese,2,2 to 5 hours,0,10,89.25,12,15,15,14.0,15,Pass,Good,3,Low Risk
STU-56BC7B44,GP,F,17,U,GT3,T,5th to 9th grade,services,other,Portuguese,2,2 to 5 hours,0,4,95.7,12,16,16,14.67,16,Pass,Distinction,4,Low Risk
STU-444618D6,GP,F,19,U,LE3,A,Secondary Education,at_home,other,Portuguese,1,<2 hours,1,16,82.8,10,11,11,10.67,11,Pass,Satisfactory,1,Medium Risk
STU-4AABC67D,GP,F,17,U,GT3,T,Secondary Education,other,at_home,Portuguese,1,<2 hours,1,6,93.55,10,13,13,12.0,13,Pass,Satisfactory,3,Medium Risk
STU-F7289B8A,GP,F,21,U,LE3,T,Higher Education,other,other,Portuguese,3,5 to 10 hours,2,0,100.0,9,12,12,11.0,12,Pass,Satisfactory,3,Medium Risk
STU-EB0FB275,GP,M,18,U,LE3,T,5th to 9th grade,services,services,Portuguese,2,2 to 5 hours,0,11,88.17,9,11,12,10.67,12,Pass,Satisfactory,3,Medium Risk
STU-8EDE5BB6,GP,M,18,U,LE3,A,Higher Education,other,other,Portuguese,2,2 to 5 hours,0,9,90.32,13,14,15,14.0,15,Pass,Good,2,Low Risk
STU-779DE84C,GP,F,17,U,GT3,T,5th to 9th grade,services,services,Portuguese,2,2 to 5 hours,0,0,100.0,13,17,17,15.67,17,Pass,Distinction,4,Low Risk
STU-35378DB8,GP,M,17,U,LE3,A,Higher Education,health,other,Portuguese,3,5 to 10 hours,0,2,97.85,12,15,15,14.0,15,Pass,Good,3,Low Risk
STU-B7E2FA44,GP,F,18,U,LE3,T,Higher Education,teacher,other,Portuguese,2,2 to 5 hours,0,0,100.0,14,17,17,16.0,17,Pass,Distinction,3,Low Risk
STU-D0168012,GP,M,21,R,LE3,T,Primary (4th grade),at_home,other,Portuguese,2,2 to 5 hours,2,21,77.42,9,10,10,9.67,10,Pass,Satisfactory,1,Medium Risk
STU-729F0FE8,GP,F,20,R,GT3,T,Primary (4th grade),other,other,Portuguese,3,5 to 10 hours,0,8,91.4,11,15,15,13.67,15,Pass,Good,4,Low Risk
STU-B7A13DE6,GP,F,19,U,GT3,T,Higher Education,teacher,other,Portuguese,1,<2 hours,1,5,94.62,9,10,11,10.0,11,Pass,Satisfactory,2,Medium Risk
STU-6BB212A4,GP,M,17,U,LE3,A,Secondary Education,other,other,Portuguese,2,2 to 5 hours,0,10,89.25,16,18,18,17.33,18,Pass,Distinction,2,Low Risk
STU-6B2A4A12,GP,F,18,U,GT3,T,Secondary Education,at_home,other,Portuguese,3,5 to 10 hours,0,5,94.62,14,17,17,16.0,17,Pass,Distinction,3,Low Risk
STU-EB8FDD92,GP,M,18,R,GT3,T,Secondary Education,other,services,Portuguese,1,<2 hours,0,13,86.02,13,14,14,13.67,14,Pass,Good,1,Medium Risk
STU-DBAFA35C,GP,M,19,U,GT3,T,5th to 9th grade,other,other,Portuguese,1,<2 hours,0,10,89.25,7,11,11,9.67,11,Pass,Satisfactory,4,Low Risk
STU-CF21692E,GP,F,18,U,LE3,A,5th to 9th grade,services,other,Portuguese,2,2 to 5 hours,0,10,89.25,14,17,17,16.0,17,Pass,Distinction,3,Low Risk
STU-E68AA01E,GP,F,20,U,GT3,T,Primary (4th grade),other,other,Portuguese,1,<2 hours,1,5,94.62,8,10,10,9.33,10,Pass,Satisfactory,2,Medium Risk
STU-BA407181,GP,F,18,U,GT3,T,Secondary Education,services,other,Portuguese,2,2 to 5 hours,0,4,95.7,10,13,13,12.0,13,Pass,Satisfactory,3,Low Risk
STU-3D74E024,MS,F,16,U,GT3,T,Secondary Education,at_home,other,Portuguese,1,<2 hours,0,11,88.17,10,11,11,10.67,11,Pass,Satisfactory,1,Medium Risk
STU-B9F6153F,MS,F,16,R,GT3,T,5th to 9th grade,other,other,Portuguese,2,2 to 5 hours,0,0,100.0,12,12,12,12.0,12,Pass,Satisfactory,0,Low Risk
STU-B994B8F8,MS,F,15,R,GT3,T,Primary (4th grade),at_home,services,Portuguese,1,<2 hours,1,6,93.55,10,10,10,10.0,10,Pass,Satisfactory,0,Medium Risk
STU-D584C567,MS,F,15,R,GT3,T,Secondary Education,at_home,other,Portuguese,1,<2 hours,0,4,95.7,10,10,11,10.33,11,Pass,Satisfactory,1,Low Risk
STU-2EFC7C13,MS,F,16,R,GT3,T,Secondary Education,at_home,services,Portuguese,2,2 to 5 hours,0,0,100.0,16,17,17,16.67,17,Pass,Distinction,1,Low Risk
STU-CA6DB392,MS,F,15,R,LE3,T,5th to 9th grade,at_home,other,Portuguese,1,<2 hours,0,0,100.0,6,8,9,7.67,9,Fail,At-Risk,3,Medium Risk
STU-0D29ACE6,MS,M,16,R,LE3,A,Higher Education,at_home,other,Portuguese,2,2 to 5 hours,0,5,94.62,10,11,11,10.67,11,Pass,Satisfactory,1,Low Risk
STU-EF9CE1E9,MS,M,16,U,GT3,A,5th to 9th grade,other,other,Portuguese,3,5 to 10 hours,0,0,100.0,10,11,11,10.67,11,Pass,Satisfactory,1,Low Risk
STU-C7925316,MS,F,17,R,GT3,T,Secondary Education,at_home,other,Portuguese,2,2 to 5 hours,1,0,100.0,10,10,10,10.0,10,Pass,Satisfactory,0,Medium Risk
STU-B873EF38,MS,F,17,R,GT3,T,Primary (4th grade),other,other,Portuguese,1,<2 hours,1,0,100.0,6,6,7,6.33,7,Fail,At-Risk,1,High Risk
STU-8FDA26FD,MS,F,15,R,GT3,T,Higher Education,teacher,other,Portuguese,1,<2 hours,0,0,100.0,13,14,14,13.67,14,Pass,Good,1,Low Risk
STU-B6595762,MS,F,16,U,LE3,A,5th to 9th grade,at_home,other,Portuguese,4,>10 hours,0,4,95.7,10,9,11,10.0,11,Pass,Satisfactory,1,Low Risk
STU-85CB0B70,MS,F,15,R,LE3,T,Primary (4th grade),at_home,services,Portuguese,2,2 to 5 hours,0,0,100.0,10,10,10,10.0,10,Pass,Satisfactory,0,Low Risk
STU-9D5086D0,MS,F,15,R,LE3,T,Primary (4th grade),other,services,Portuguese,1,<2 hours,1,4,95.7,6,7,8,7.0,8,Fail,At-Risk,2,High Risk
STU-24817F4F,MS,F,16,R,GT3,T,5th to 9th grade,other,other,Portuguese,1,<2 hours,0,0,100.0,12,11,12,11.67,12,Pass,Satisfactory,0,Low Risk
STU-0138C512,MS,F,17,R,GT3,T,Secondary Education,other,other,Portuguese,1,<2 hours,0,2,97.85,10,11,12,11.0,12,Pass,Satisfactory,2,Low Risk
STU-7C076817,MS,F,15,R,GT3,T,Secondary Education,other,services,Portuguese,1,<2 hours,0,0,100.0,14,16,16,15.33,16,Pass,Distinction,2,Low Risk
STU-E7EEA036,MS,M,16,U,GT3,T,Primary (4th grade),at_home,services,Portuguese,2,2 to 5 hours,0,0,100.0,7,0,0,2.33,0,Fail,At-Risk,-7,Medium Risk
STU-436FB92E,MS,M,17,U,GT3,T,Primary (4th grade),other,other,Portuguese,2,2 to 5 hours,0,4,95.7,8,9,9,8.67,9,Fail,At-Risk,1,Medium Risk
STU-AC17C12B,MS,M,15,R,LE3,T,Higher Education,health,services,Portuguese,2,2 to 5 hours,0,0,100.0,12,13,14,13.0,14,Pass,Good,2,Low Risk
STU-1843ACC9,MS,M,16,R,GT3,T,Higher Education,other,health,Portuguese,2,2 to 5 hours,0,4,95.7,9,10,11,10.0,11,Pass,Satisfactory,2,Low Risk
STU-D7E269E2,MS,M,15,R,GT3,T,Primary (4th grade),other,other,Portuguese,2,2 to 5 hours,0,8,91.4,7,9,9,8.33,9,Fail,At-Risk,2,Medium Risk
STU-2FC18DC6,MS,M,15,U,LE3,T,Secondary Education,at_home,at_home,Portuguese,2,2 to 5 hours,0,0,100.0,11,11,11,11.0,11,Pass,Satisfactory,0,Low Risk
STU-447A2FD5,MS,M,17,R,GT3,T,5th to 9th grade,other,other,Portuguese,1,<2 hours,0,8,91.4,8,10,9,9.0,9,Fail,At-Risk,1,Medium Risk
STU-9324F5A8,MS,F,16,R,GT3,T,Higher Education,teacher,teacher,Portuguese,3,5 to 10 hours,0,6,93.55,16,16,17,16.33,17,Pass,Distinction,1,Low Risk
STU-3F252A0B,MS,F,15,R,GT3,T,5th to 9th grade,other,services,Portuguese,1,<2 hours,0,3,96.77,11,13,13,12.33,13,Pass,Satisfactory,2,Low Risk
STU-EB871326,MS,F,16,R,GT3,T,Secondary Education,other,services,Portuguese,2,2 to 5 hours,0,2,97.85,15,15,15,15.0,15,Pass,Good,0,Low Risk
STU-157F0787,MS,M,16,R,GT3,T,5th to 9th grade,other,other,Portuguese,2,2 to 5 hours,0,0,100.0,10,11,11,10.67,11,Pass,Satisfactory,1,Low Risk
STU-CDFC84CC,MS,F,16,U,GT3,T,5th to 9th grade,other,services,Portuguese,3,5 to 10 hours,1,0,100.0,10,8,8,8.67,8,Fail,At-Risk,-2,High Risk
STU-8549017C,MS,F,15,U,GT3,T,5th to 9th grade,at_home,other,Portuguese,2,2 to 5 hours,0,0,100.0,9,10,9,9.33,9,Fail,At-Risk,0,Medium Risk
STU-BE625528,MS,F,16,U,GT3,T,Primary (4th grade),at_home,other,Portuguese,2,2 to 5 hours,0,0,100.0,13,14,15,14.0,15,Pass,Good,2,Low Risk
STU-76521A69,MS,M,17,R,LE3,T,5th to 9th grade,at_home,services,Portuguese,1,<2 hours,0,4,95.7,10,11,11,10.67,11,Pass,Satisfactory,1,Low Risk
STU-C22EBB74,MS,F,16,R,GT3,T,Primary (4th grade),other,other,Portuguese,4,>10 hours,0,0,100.0,13,10,13,12.0,13,Pass,Satisfactory,0,Low Risk
STU-7DBAAD61,MS,F,16,R,GT3,T,Primary (4th grade),at_home,other,Portuguese,3,5 to 10 hours,0,2,97.85,10,9,10,9.67,10,Pass,Satisfactory,0,Low Risk
STU-2EE22B8A,MS,F,15,R,GT3,T,Primary (4th grade),at_home,other,Portuguese,2,2 to 5 hours,0,1,98.92,11,10,11,10.67,11,Pass,Satisfactory,0,Low Risk
STU-B36D67C7,MS,F,16,R,GT3,T,Primary (4th grade),at_home,other,Portuguese,1,<2 hours,0,0,100.0,13,12,14,13.0,14,Pass,Good,1,Low Risk
STU-7BE533FA,MS,F,15,R,GT3,T,Primary (4th grade),at_home,at_home,Portuguese,2,2 to 5 hours,0,0,100.0,13,14,14,13.67,14,Pass,Good,1,Low Risk
STU-81FA5228,MS,F,15,R,LE3,T,5th to 9th grade,other,other,Portuguese,3,5 to 10 hours,0,2,97.85,14,11,12,12.33,12,Pass,Satisfactory,-2,Low Risk
STU-E1DC7CDD,MS,M,16,R,GT3,T,Primary (4th grade),at_home,other,Portuguese,1,<2 hours,0,6,93.55,11,11,11,11.0,11,Pass,Satisfactory,0,Low Risk
STU-03CF678A,MS,F,18,U,GT3,T,5th to 9th grade,other,other,Portuguese,2,2 to 5 hours,1,9,90.32,9,8,8,8.33,8,Fail,At-Risk,-1,High Risk
STU-E934E2BE,MS,M,15,U,GT3,T,Secondary Education,other,services,Portuguese,1,<2 hours,0,0,100.0,10,9,11,10.0,11,Pass,Satisfactory,1,Low Risk
STU-8160969F,MS,F,16,R,GT3,T,5th to 9th grade,other,services,Portuguese,2,2 to 5 hours,0,1,98.92,14,13,14,13.67,14,Pass,Good,0,Low Risk
STU-1DC34200,MS,M,15,U,GT3,T,5th to 9th grade,health,other,Portuguese,1,<2 hours,0,1,98.92,13,12,13,12.67,13,Pass,Satisfactory,0,Low Risk
STU-0209E917,MS,M,16,U,GT3,T,Higher Education,other,teacher,Portuguese,2,2 to 5 hours,0,0,100.0,13,12,13,12.67,13,Pass,Satisfactory,0,Low Risk
STU-3571D449,MS,F,15,R,GT3,T,Secondary Education,services,other,Portuguese,2,2 to 5 hours,0,4,95.7,13,12,12,12.33,12,Pass,Satisfactory,-1,Low Risk
STU-FAFE17A5,MS,F,16,R,GT3,T,5th to 9th grade,at_home,other,Portuguese,2,2 to 5 hours,1,2,97.85,12,11,12,11.67,12,Pass,Satisfactory,0,Medium Risk
STU-79E49F84,MS,F,16,R,LE3,T,5th to 9th grade,other,other,Portuguese,1,<2 hours,0,0,100.0,14,14,16,14.67,16,Pass,Distinction,2,Low Risk
STU-9219CB18,MS,M,16,U,LE3,T,5th to 9th grade,at_home,services,Portuguese,1,<2 hours,0,4,95.7,10,8,10,9.33,10,Pass,Satisfactory,0,Low Risk
STU-62B79FAE,MS,M,15,R,LE3,T,Secondary Education,at_home,other,Portuguese,1,<2 hours,0,2,97.85,10,11,11,10.67,11,Pass,Satisfactory,1,Low Risk
STU-9BBCFDB0,MS,F,15,U,GT3,T,5th to 9th grade,other,services,Portuguese,3,5 to 10 hours,0,0,100.0,12,13,14,13.0,14,Pass,Good,2,Low Risk
STU-4514A1B9,MS,F,16,R,LE3,T,5th to 9th grade,other,other,Portuguese,1,<2 hours,0,2,97.85,10,8,8,8.67,8,Fail,At-Risk,-2,Medium Risk
STU-D20414C0,MS,M,15,U,GT3,T,Secondary Education,services,services,Portuguese,1,<2 hours,0,11,88.17,12,10,11,11.0,11,Pass,Satisfactory,-1,Medium Risk
STU-0D566072,MS,F,16,R,GT3,T,Primary (4th grade),at_home,other,Portuguese,2,2 to 5 hours,3,0,100.0,7,7,8,7.33,8,Fail,At-Risk,1,High Risk
STU-78EF6D94,MS,F,17,U,GT3,T,5th to 9th grade,other,at_home,Portuguese,1,<2 hours,0,4,95.7,9,9,10,9.33,10,Pass,Satisfactory,1,Low Risk
STU-E93A2B85,MS,F,19,U,GT3,T,Secondary Education,at_home,services,Portuguese,1,<2 hours,1,0,100.0,9,9,10,9.33,10,Pass,Satisfactory,1,Medium Risk
STU-6C286211,MS,F,17,R,GT3,T,5th to 9th grade,at_home,other,Portuguese,1,<2 hours,0,2,97.85,9,10,11,10.0,11,Pass,Satisfactory,2,Low Risk
STU-4D200D13,MS,F,15,R,LE3,T,Primary (4th grade),at_home,other,Portuguese,1,<2 hours,0,0,100.0,9,10,9,9.33,9,Fail,At-Risk,0,Medium Risk
STU-5F670B53,MS,F,16,U,LE3,A,5th to 9th grade,other,other,Portuguese,1,<2 hours,0,6,93.55,7,7,8,7.33,8,Fail,At-Risk,1,Medium Risk
STU-5D9072D7,MS,F,17,R,GT3,T,5th to 9th grade,at_home,other,Portuguese,2,2 to 5 hours,0,0,100.0,11,10,11,10.67,11,Pass,Satisfactory,0,Low Risk
STU-BDA4BEC1,MS,F,16,U,GT3,T,5th to 9th grade,other,services,Portuguese,1,<2 hours,1,1,98.92,9,10,10,9.67,10,Pass,Satisfactory,1,Medium Risk
STU-580CE59D,MS,F,18,R,LE3,A,Secondary Education,other,other,Portuguese,3,5 to 10 hours,2,6,93.55,7,9,10,8.67,10,Pass,Satisfactory,3,Medium Risk
STU-E42AF51B,MS,F,19,U,GT3,T,Primary (4th grade),at_home,services,Portuguese,3,5 to 10 hours,1,6,93.55,7,9,9,8.33,9,Fail,At-Risk,2,High Risk
STU-7EEFAF9D,MS,M,18,R,GT3,T,Primary (4th grade),other,other,Portuguese,1,<2 hours,1,0,100.0,8,9,10,9.0,10,Pass,Satisfactory,2,Medium Risk
STU-DAA46F94,MS,F,18,R,GT3,T,Primary (4th grade),at_home,at_home,Portuguese,1,<2 hours,1,4,95.7,9,11,10,10.0,10,Pass,Satisfactory,1,Medium Risk
STU-A9E6CB46,MS,F,19,U,GT3,T,Primary (4th grade),other,other,Portuguese,2,2 to 5 hours,1,12,87.1,7,8,9,8.0,9,Fail,At-Risk,2,High Risk
STU-BBE60AC9,MS,F,16,R,GT3,A,5th to 9th grade,health,other,Portuguese,2,2 to 5 hours,0,2,97.85,8,10,10,9.33,10,Pass,Satisfactory,2,Low Risk
STU-D9DFF858,MS,F,17,U,GT3,T,Primary (4th grade),other,at_home,Portuguese,1,<2 hours,0,5,94.62,9,9,10,9.33,10,Pass,Satisfactory,1,Low Risk
STU-82AFF7BA,MS,F,16,R,LE3,T,5th to 9th grade,at_home,other,Portuguese,2,2 to 5 hours,0,0,100.0,8,9,9,8.67,9,Fail,At-Risk,1,Medium Risk
STU-68C738CA,MS,F,16,U,GT3,T,Secondary Education,other,other,Portuguese,1,<2 hours,0,0,100.0,14,13,13,13.33,13,Pass,Satisfactory,-1,Low Risk
STU-34F6B20D,MS,F,16,R,LE3,T,Primary (4th grade),services,services,Portuguese,1,<2 hours,0,2,97.85,14,14,14,14.0,14,Pass,Good,0,Low Risk
STU-DB2F25A3,MS,M,17,U,GT3,T,Secondary Education,services,at_home,Portuguese,4,>10 hours,1,0,100.0,10,11,10,10.33,10,Pass,Satisfactory,0,Medium Risk
STU-B9DED09A,MS,F,16,U,GT3,T,5th to 9th grade,other,services,Portuguese,2,2 to 5 hours,0,0,100.0,14,13,14,13.67,14,Pass,Good,0,Low Risk
STU-64DF58A0,MS,F,16,U,GT3,T,5th to 9th grade,services,other,Portuguese,1,<2 hours,0,0,100.0,17,16,16,16.33,16,Pass,Distinction,-1,Low Risk
STU-16B51A22,MS,M,17,U,GT3,T,5th to 9th grade,other,other,Portuguese,1,<2 hours,1,12,87.1,6,7,7,6.67,7,Fail,At-Risk,1,High Risk
STU-7CFBF951,MS,M,16,U,LE3,T,Higher Education,other,other,Portuguese,1,<2 hours,0,8,91.4,14,12,13,13.0,13,Pass,Satisfactory,-1,Low Risk
STU-AE51895D,MS,M,17,R,LE3,T,5th to 9th grade,services,services,Portuguese,4,>10 hours,1,2,97.85,10,8,9,9.0,9,Fail,At-Risk,-1,High Risk
STU-9EEF833D,MS,F,16,U,GT3,T,Primary (4th grade),other,other,Portuguese,4,>10 hours,0,0,100.0,14,14,14,14.0,14,Pass,Good,0,Low Risk
STU-268B85CE,MS,F,19,U,LE3,T,5th to 9th grade,other,other,Portuguese,3,5 to 10 hours,0,0,100.0,12,13,13,12.67,13,Pass,Satisfactory,1,Low Risk
STU-250663B9,MS,F,17,R,GT3,T,Primary (4th grade),at_home,other,Portuguese,1,<2 hours,0,0,100.0,11,11,11,11.0,11,Pass,Satisfactory,0,Low Risk
STU-812E7002,MS,F,20,U,GT3,T,Secondary Education,at_home,services,Portuguese,2,2 to 5 hours,1,8,91.4,11,9,10,10.0,10,Pass,Satisfactory,-1,Medium Risk
STU-DFCB0802,MS,F,17,U,LE3,T,Primary (4th grade),other,services,Portuguese,3,5 to 10 hours,0,0,100.0,11,11,10,10.67,10,Pass,Satisfactory,-1,Low Risk
STU-15058A7B,MS,M,17,R,GT3,T,5th to 9th grade,other,other,Portuguese,1,<2 hours,1,0,100.0,10,9,9,9.33,9,Fail,At-Risk,-1,High Risk
STU-640F0E5A,MS,F,16,R,LE3,T,Primary (4th grade),at_home,other,Portuguese,2,2 to 5 hours,0,0,100.0,16,17,18,17.0,18,Pass,Distinction,2,Low Risk
STU-28887303,MS,F,17,R,GT3,T,5th to 9th grade,other,other,Portuguese,2,2 to 5 hours,0,0,100.0,15,17,17,16.33,17,Pass,Distinction,2,Low Risk
STU-19F7B23F,MS,F,17,U,GT3,A,Primary (4th grade),other,other,Portuguese,2,2 to 5 hours,0,1,98.92,11,9,10,10.0,10,Pass,Satisfactory,-1,Low Risk
STU-B1BF1E1F,MS,F,18,R,GT3,T,Primary (4th grade),at_home,other,Portuguese,2,2 to 5 hours,1,9,90.32,7,7,7,7.0,7,Fail,At-Risk,0,High Risk
STU-ACEA39F2,MS,F,16,U,GT3,T,Secondary Education,other,other,Portuguese,1,<2 hours,0,0,100.0,8,6,8,7.33,8,Fail,At-Risk,0,Medium Risk
STU-30DBE9A6,MS,F,16,U,GT3,T,Secondary Education,services,at_home,Portuguese,1,<2 hours,0,2,97.85,7,6,7,6.67,7,Fail,At-Risk,0,Medium Risk
STU-1F3D2C70,MS,F,18,U,LE3,T,Primary (4th grade),other,at_home,Portuguese,2,2 to 5 hours,0,8,91.4,9,8,10,9.0,10,Pass,Satisfactory,1,Low Risk
STU-04EED6FE,MS,F,16,R,GT3,T,Higher Education,health,teacher,Portuguese,2,2 to 5 hours,0,0,100.0,14,16,16,15.33,16,Pass,Distinction,2,Low Risk
STU-C86E0A3A,MS,F,16,R,LE3,T,5th to 9th grade,other,other,Portuguese,1,<2 hours,0,0,100.0,14,14,15,14.33,15,Pass,Good,1,Low Risk
STU-535B04CA,MS,F,18,U,GT3,A,Higher Education,other,services,Portuguese,2,2 to 5 hours,1,8,91.4,8,5,8,7.0,8,Fail,At-Risk,0,High Risk
STU-B47C2670,MS,M,16,R,GT3,T,5th to 9th grade,other,services,Portuguese,2,2 to 5 hours,0,0,100.0,8,7,0,5.0,0,Fail,At-Risk,-8,Medium Risk
STU-AAF0E6C1,MS,F,16,U,LE3,T,Primary (4th grade),at_home,other,Portuguese,2,2 to 5 hours,0,6,93.55,6,8,8,7.33,8,Fail,At-Risk,2,Medium Risk
STU-02EAF67D,MS,F,16,R,GT3,T,Secondary Education,at_home,services,Portuguese,2,2 to 5 hours,0,0,100.0,8,10,10,9.33,10,Pass,Satisfactory,2,Low Risk
STU-274DFEB7,MS,F,16,U,GT3,T,Higher Education,health,health,Portuguese,2,2 to 5 hours,0,4,95.7,8,8,8,8.0,8,Fail,At-Risk,0,Medium Risk
STU-87DF454F,MS,M,18,U,LE3,T,Higher Education,at_home,health,Portuguese,4,>10 hours,0,2,97.85,5,6,6,5.67,6,Fail,At-Risk,1,Medium Risk
STU-AEFA37D8,MS,F,16,R,LE3,T,Higher Education,at_home,other,Portuguese,2,2 to 5 hours,0,2,97.85,7,9,8,8.0,8,Fail,At-Risk,1,Medium Risk
STU-6398DE35,MS,M,17,U,LE3,T,Higher Education,other,services,Portuguese,3,5 to 10 hours,0,0,100.0,15,14,16,15.0,16,Pass,Distinction,1,Low Risk
STU-92C4B18E,MS,F,17,R,GT3,T,Higher Education,other,other,Portuguese,1,<2 hours,0,1,98.92,13,14,14,13.67,14,Pass,Good,1,Low Risk
STU-34BAAB81,MS,M,16,U,LE3,T,5th to 9th grade,services,services,Portuguese,3,5 to 10 hours,0,0,100.0,10,9,10,9.67,10,Pass,Satisfactory,0,Low Risk
STU-E705E896,MS,F,17,R,GT3,T,5th to 9th grade,at_home,other,Portuguese,1,<2 hours,0,5,94.62,9,9,9,9.0,9,Fail,At-Risk,0,Medium Risk
STU-CF91ABC8,MS,F,16,U,LE3,T,Higher Education,services,services,Portuguese,1,<2 hours,0,1,98.92,11,11,11,11.0,11,Pass,Satisfactory,0,Low Risk
STU-C339223C,MS,M,17,U,GT3,T,Secondary Education,services,services,Portuguese,1,<2 hours,0,8,91.4,7,10,9,8.67,9,Fail,At-Risk,2,Medium Risk
STU-F58FE4FC,MS,M,17,U,GT3,T,Primary (4th grade),at_home,services,Portuguese,2,2 to 5 hours,0,0,100.0,10,10,10,10.0,10,Pass,Satisfactory,0,Low Risk
STU-3F44C94B,MS,M,16,U,GT3,T,5th to 9th grade,health,services,Portuguese,2,2 to 5 hours,0,2,97.85,9,7,8,8.0,8,Fail,At-Risk,-1,Medium Risk
STU-0ED8FF15,MS,F,16,U,LE3,T,5th to 9th grade,other,services,Portuguese,2,2 to 5 hours,0,0,100.0,14,15,16,15.0,16,Pass,Distinction,2,Low Risk
STU-1A1B22A5,MS,M,16,U,LE3,T,Higher Education,teacher,health,Portuguese,1,<2 hours,0,0,100.0,11,12,12,11.67,12,Pass,Satisfactory,1,Low Risk
STU-C1D171B9,MS,M,15,R,GT3,T,5th to 9th grade,other,services,Portuguese,2,2 to 5 hours,0,11,88.17,9,11,10,10.0,10,Pass,Satisfactory,1,Medium Risk
STU-5DE1A056,MS,M,15,U,LE3,A,5th to 9th grade,other,other,Portuguese,4,>10 hours,0,8,91.4,13,14,14,13.67,14,Pass,Good,1,Low Risk
STU-EFE40CED,MS,M,15,U,LE3,A,5th to 9th grade,services,services,Portuguese,1,<2 hours,0,11,88.17,12,13,12,12.33,12,Pass,Satisfactory,0,Medium Risk
STU-F492E836,MS,F,16,R,LE3,T,5th to 9th grade,other,other,Portuguese,3,5 to 10 hours,0,2,97.85,11,11,11,11.0,11,Pass,Satisfactory,0,Low Risk
STU-09444AC0,MS,F,16,U,LE3,T,Higher Education,other,other,Portuguese,2,2 to 5 hours,0,8,91.4,9,10,10,9.67,10,Pass,Satisfactory,1,Low Risk
STU-9FEF2670,MS,F,17,U,GT3,T,Secondary Education,at_home,other,Portuguese,1,<2 hours,0,5,94.62,9,11,11,10.33,11,Pass,Satisfactory,2,Low Risk
STU-60B96BEA,MS,F,17,R,GT3,T,5th to 9th grade,other,other,Portuguese,2,2 to 5 hours,0,0,100.0,11,9,11,10.33,11,Pass,Satisfactory,0,Low Risk
STU-A3548CD3,MS,F,16,U,GT3,T,Higher Education,teacher,services,Portuguese,3,5 to 10 hours,0,1,98.92,10,11,12,11.0,12,Pass,Satisfactory,2,Low Risk
STU-B4551B6B,MS,M,17,R,GT3,T,Higher Education,health,other,Portuguese,1,<2 hours,3,2,97.85,9,9,8,8.67,8,Fail,At-Risk,-1,High Risk
STU-8071193F,MS,M,17,R,LE3,T,Secondary Education,other,other,Portuguese,1,<2 hours,0,2,97.85,12,11,12,11.67,12,Pass,Satisfactory,0,Low Risk
STU-6763F4BA,MS,M,17,U,GT3,T,Higher Education,services,other,Portuguese,2,2 to 5 hours,1,8,91.4,8,9,8,8.33,8,Fail,At-Risk,0,High Risk
STU-AA98CDC3,MS,F,17,U,GT3,T,Higher Education,health,health,Portuguese,2,2 to 5 hours,0,0,100.0,13,15,16,14.67,16,Pass,Distinction,3,Low Risk
STU-84F84FC1,MS,M,16,R,LE3,T,Higher Education,other,at_home,Portuguese,1,<2 hours,0,0,100.0,10,11,11,10.67,11,Pass,Satisfactory,1,Low Risk
STU-4467A8AC,MS,F,17,U,GT3,A,Primary (4th grade),at_home,at_home,Portuguese,2,2 to 5 hours,0,2,97.85,11,10,11,10.67,11,Pass,Satisfactory,0,Low Risk
STU-97C36D85,MS,F,17,R,GT3,T,Higher Education,other,other,Portuguese,2,2 to 5 hours,0,0,100.0,17,18,18,17.67,18,Pass,Distinction,1,Low Risk
STU-1CEEE517,MS,M,16,U,LE3,A,5th to 9th grade,other,services,Portuguese,2,2 to 5 hours,0,0,100.0,12,13,13,12.67,13,Pass,Satisfactory,1,Low Risk
STU-4FBD7927,MS,M,17,U,GT3,T,Secondary Education,other,other,Portuguese,2,2 to 5 hours,0,0,100.0,13,14,13,13.33,13,Pass,Satisfactory,0,Low Risk
STU-7FF83C1B,MS,M,19,U,GT3,T,Primary (4th grade),other,other,Portuguese,2,2 to 5 hours,2,2,97.85,9,9,10,9.33,10,Pass,Satisfactory,1,Medium Risk
STU-D3E0EA2C,MS,M,17,U,LE3,A,Primary (4th grade),other,other,Portuguese,1,<2 hours,0,4,95.7,11,11,12,11.33,12,Pass,Satisfactory,1,Low Risk
STU-1D868300,MS,F,17,R,GT3,T,Primary (4th grade),at_home,at_home,Portuguese,1,<2 hours,0,3,96.77,10,11,10,10.33,10,Pass,Satisfactory,0,Low Risk
STU-847F9AC4,MS,F,16,R,GT3,T,5th to 9th grade,other,other,Portuguese,3,5 to 10 hours,0,5,94.62,13,14,13,13.33,13,Pass,Satisfactory,0,Low Risk
STU-7AB450F2,MS,M,16,R,LE3,T,5th to 9th grade,other,at_home,Portuguese,1,<2 hours,0,4,95.7,9,10,11,10.0,11,Pass,Satisfactory,2,Low Risk
STU-AEF028CF,MS,F,17,R,GT3,T,Secondary Education,other,other,Portuguese,2,2 to 5 hours,3,2,97.85,7,9,10,8.67,10,Pass,Satisfactory,3,Medium Risk
STU-F4C32F36,MS,M,17,R,GT3,T,5th to 9th grade,other,other,Portuguese,1,<2 hours,0,0,100.0,8,13,10,10.33,10,Pass,Satisfactory,2,Low Risk
STU-C21AB088,MS,M,18,R,GT3,T,Primary (4th grade),at_home,at_home,Portuguese,1,<2 hours,1,0,100.0,12,12,13,12.33,13,Pass,Satisfactory,1,Medium Risk
STU-A5B64220,MS,M,17,R,GT3,T,Primary (4th grade),other,services,Portuguese,1,<2 hours,0,0,100.0,10,9,10,9.67,10,Pass,Satisfactory,0,Low Risk
STU-23DBAE70,MS,M,18,U,LE3,T,Primary (4th grade),at_home,at_home,Portuguese,2,2 to 5 hours,0,6,93.55,10,9,10,9.67,10,Pass,Satisfactory,0,Low Risk
STU-854F9550,MS,F,16,R,LE3,T,5th to 9th grade,other,services,Portuguese,2,2 to 5 hours,0,0,100.0,11,13,12,12.0,12,Pass,Satisfactory,1,Low Risk
STU-9E67A8BE,MS,M,17,U,GT3,T,5th to 9th grade,other,other,Portuguese,1,<2 hours,1,0,100.0,7,0,0,2.33,0,Fail,At-Risk,-7,High Risk
STU-3C629DC8,MS,M,16,R,GT3,T,Secondary Education,services,other,Portuguese,1,<2 hours,0,2,97.85,11,9,10,10.0,10,Pass,Satisfactory,-1,Low Risk
STU-9C432817,MS,M,16,R,LE3,T,Primary (4th grade),at_home,other,Portuguese,1,<2 hours,0,0,100.0,10,10,9,9.67,9,Fail,At-Risk,-1,Medium Risk
STU-5C5D7991,MS,M,18,R,GT3,T,Primary (4th grade),services,other,Portuguese,1,<2 hours,1,2,97.85,9,7,9,8.33,9,Fail,At-Risk,0,High Risk
STU-5313A3E8,MS,M,18,R,GT3,T,Secondary Education,services,other,Portuguese,1,<2 hours,1,0,100.0,4,0,0,1.33,0,Fail,At-Risk,-4,High Risk
STU-9747277A,MS,M,19,U,GT3,T,Secondary Education,at_home,services,Portuguese,1,<2 hours,3,4,95.7,6,11,9,8.67,9,Fail,At-Risk,3,High Risk
STU-05D87EBE,MS,M,18,U,GT3,T,Secondary Education,at_home,at_home,Portuguese,2,2 to 5 hours,2,9,90.32,4,8,8,6.67,8,Fail,At-Risk,4,High Risk
STU-053D05C3,MS,M,16,R,GT3,T,5th to 9th grade,services,services,Portuguese,1,<2 hours,0,6,93.55,7,8,8,7.67,8,Fail,At-Risk,1,Medium Risk
STU-1CA4436A,MS,M,19,U,GT3,T,5th to 9th grade,at_home,other,Portuguese,1,<2 hours,3,4,95.7,8,9,9,8.67,9,Fail,At-Risk,1,High Risk
STU-5E2B4E67,MS,F,16,U,GT3,A,Secondary Education,services,at_home,Portuguese,2,2 to 5 hours,2,8,91.4,5,5,7,5.67,7,Fail,At-Risk,2,High Risk
STU-77BC2052,MS,F,17,U,GT3,T,Primary (4th grade),other,at_home,Portuguese,1,<2 hours,0,9,90.32,7,9,10,8.67,10,Pass,Satisfactory,3,Low Risk
STU-784F5418,MS,M,20,R,GT3,T,Primary (4th grade),other,other,Portuguese,1,<2 hours,1,12,87.1,8,11,10,9.67,10,Pass,Satisfactory,2,Medium Risk
STU-80AB0632,MS,F,18,R,GT3,A,Higher Education,services,services,Portuguese,1,<2 hours,0,8,91.4,10,11,10,10.33,10,Pass,Satisfactory,0,Low Risk
STU-0686CB8F,MS,M,18,R,GT3,T,Secondary Education,other,other,Portuguese,1,<2 hours,0,8,91.4,9,10,11,10.0,11,Pass,Satisfactory,2,Low Risk
STU-9F297993,MS,M,19,R,GT3,T,Primary (4th grade),other,services,Portuguese,2,2 to 5 hours,1,8,91.4,10,9,11,10.0,11,Pass,Satisfactory,1,Medium Risk
STU-84F79B9A,MS,M,17,U,GT3,T,Secondary Education,health,other,Portuguese,2,2 to 5 hours,1,4,95.7,8,9,10,9.0,10,Pass,Satisfactory,2,Medium Risk
STU-B10FDE2C,MS,M,18,U,LE3,T,Secondary Education,at_home,services,Portuguese,1,<2 hours,0,0,100.0,9,10,9,9.33,9,Fail,At-Risk,0,Medium Risk
STU-D3220DD4,MS,M,19,R,GT3,T,Primary (4th grade),other,other,Portuguese,1,<2 hours,1,4,95.7,8,9,10,9.0,10,Pass,Satisfactory,2,Medium Risk
STU-7CDB5286,MS,F,18,U,GT3,A,5th to 9th grade,at_home,other,Portuguese,2,2 to 5 hours,2,2,97.85,6,8,8,7.33,8,Fail,At-Risk,2,High Risk
STU-9A93F702,MS,F,19,U,LE3,A,Primary (4th grade),at_home,other,Portuguese,1,<2 hours,0,0,100.0,6,8,7,7.0,7,Fail,At-Risk,1,Medium Risk
STU-5861B90C,MS,F,18,R,GT3,T,5th to 9th grade,other,other,Portuguese,1,<2 hours,1,0,100.0,8,6,0,4.67,0,Fail,At-Risk,-8,High Risk
STU-EE89839B,MS,F,17,R,GT3,T,None,at_home,other,Portuguese,1,<2 hours,0,0,100.0,10,11,11,10.67,11,Pass,Satisfactory,1,Low Risk
STU-9581BFE7,MS,F,17,R,LE3,A,Secondary Education,other,at_home,Portuguese,3,5 to 10 hours,0,5,94.62,8,7,8,7.67,8,Fail,At-Risk,0,Medium Risk
STU-351B6849,MS,F,17,U,GT3,T,Higher Education,teacher,services,Portuguese,2,2 to 5 hours,0,0,100.0,8,8,0,5.33,0,Fail,At-Risk,-8,Medium Risk
STU-3667B78F,MS,F,18,R,LE3,T,5th to 9th grade,services,services,Portuguese,2,2 to 5 hours,1,3,96.77,7,6,8,7.0,8,Fail,At-Risk,1,High Risk
STU-0AA71C46,MS,F,17,U,GT3,T,Higher Education,health,at_home,Portuguese,1,<2 hours,0,0,100.0,8,10,9,9.0,9,Fail,At-Risk,1,Medium Risk
STU-DE9BC1EC,MS,F,17,U,LE3,T,5th to 9th grade,at_home,other,Portuguese,1,<2 hours,0,0,100.0,7,10,10,9.0,10,Pass,Satisfactory,3,Low Risk
STU-68A811B9,MS,F,18,U,GT3,T,Primary (4th grade),other,other,Portuguese,2,2 to 5 hours,2,3,96.77,7,8,7,7.33,7,Fail,At-Risk,0,High Risk
STU-043B6EBC,MS,F,18,U,GT3,T,5th to 9th grade,services,at_home,Portuguese,2,2 to 5 hours,0,2,97.85,12,13,14,13.0,14,Pass,Good,2,Low Risk
STU-5897478C,MS,F,17,U,GT3,T,Secondary Education,services,services,Portuguese,1,<2 hours,0,0,100.0,11,12,13,12.0,13,Pass,Satisfactory,2,Low Risk
STU-9C32EEB7,MS,F,18,U,LE3,A,5th to 9th grade,at_home,other,Portuguese,2,2 to 5 hours,0,0,100.0,12,13,14,13.0,14,Pass,Good,2,Low Risk
STU-10A807B6,MS,F,18,U,GT3,T,Higher Education,teacher,teacher,Portuguese,2,2 to 5 hours,0,0,100.0,18,18,18,18.0,18,Pass,Distinction,0,Low Risk
STU-0EA9DAA0,MS,M,18,U,LE3,T,Higher Education,services,other,Portuguese,1,<2 hours,0,3,96.77,17,17,17,17.0,17,Pass,Distinction,0,Low Risk
STU-28EA8C2E,MS,F,17,U,GT3,T,Higher Education,other,other,Portuguese,2,2 to 5 hours,0,0,100.0,17,18,18,17.67,18,Pass,Distinction,1,Low Risk
STU-6E3FC053,MS,F,18,R,GT3,T,5th to 9th grade,at_home,other,Portuguese,2,2 to 5 hours,1,0,100.0,9,0,0,3.0,0,Fail,At-Risk,-9,High Risk
STU-CC9A0529,MS,M,18,U,LE3,T,5th to 9th grade,at_home,services,Portuguese,1,<2 hours,0,8,91.4,10,11,11,10.67,11,Pass,Satisfactory,1,Low Risk
STU-FCAFCAB9,MS,M,18,R,GT3,T,Higher Education,at_home,services,Portuguese,1,<2 hours,0,5,94.62,12,13,14,13.0,14,Pass,Good,2,Low Risk
STU-997231E8,MS,M,17,R,GT3,T,Primary (4th grade),other,services,Portuguese,1,<2 hours,0,4,95.7,12,13,14,13.0,14,Pass,Good,2,Low Risk
STU-F8B506FB,MS,F,18,U,GT3,T,5th to 9th grade,other,other,Portuguese,2,2 to 5 hours,0,4,95.7,8,8,10,8.67,10,Pass,Satisfactory,2,Low Risk
STU-24D831E2,MS,F,18,U,LE3,T,5th to 9th grade,services,services,Portuguese,3,5 to 10 hours,0,0,100.0,11,12,13,12.0,13,Pass,Satisfactory,2,Low Risk
STU-5573914D,MS,F,18,R,LE3,A,Higher Education,teacher,other,Portuguese,2,2 to 5 hours,0,0,100.0,5,0,0,1.67,0,Fail,At-Risk,-5,Medium Risk
STU-4535D2BE,MS,F,18,U,GT3,T,Primary (4th grade),at_home,services,Portuguese,2,2 to 5 hours,1,2,97.85,9,10,10,9.67,10,Pass,Satisfactory,1,Medium Risk
STU-12458BB7,MS,F,19,U,GT3,T,Primary (4th grade),at_home,services,Portuguese,1,<2 hours,1,0,100.0,5,0,0,1.67,0,Fail,At-Risk,-5,High Risk
STU-1402D3DD,MS,F,17,U,GT3,T,Higher Education,teacher,other,Portuguese,4,>10 hours,0,0,100.0,18,18,18,18.0,18,Pass,Distinction,0,Low Risk
STU-38F4ECAE,MS,F,17,R,LE3,A,5th to 9th grade,services,other,Portuguese,2,2 to 5 hours,0,5,94.62,11,11,12,11.33,12,Pass,Satisfactory,1,Low Risk
STU-A2A9BEBF,MS,F,18,U,LE3,A,Primary (4th grade),at_home,services,Portuguese,2,2 to 5 hours,0,2,97.85,8,10,11,9.67,11,Pass,Satisfactory,3,Low Risk
STU-FDBFB6A3,MS,F,18,U,GT3,T,5th to 9th grade,at_home,at_home,Portuguese,2,2 to 5 hours,0,0,100.0,11,11,12,11.33,12,Pass,Satisfactory,1,Low Risk
STU-8904D551,MS,F,19,R,GT3,A,Primary (4th grade),at_home,at_home,Portuguese,2,2 to 5 hours,3,0,100.0,8,0,0,2.67,0,Fail,At-Risk,-8,High Risk
STU-1E3B7642,MS,F,18,R,GT3,T,5th to 9th grade,services,other,Portuguese,3,5 to 10 hours,0,5,94.62,14,14,15,14.33,15,Pass,Good,1,Low Risk
STU-3DDAF610,MS,M,17,R,GT3,T,Higher Education,services,other,Portuguese,2,2 to 5 hours,1,4,95.7,10,11,11,10.67,11,Pass,Satisfactory,1,Medium Risk
STU-9E49539E,MS,F,18,U,GT3,T,Secondary Education,services,services,Portuguese,2,2 to 5 hours,0,0,100.0,10,10,10,10.0,10,Pass,Satisfactory,0,Low Risk
STU-DFE44DDA,MS,F,17,R,GT3,T,Higher Education,teacher,services,Portuguese,2,2 to 5 hours,0,2,97.85,12,12,12,12.0,12,Pass,Satisfactory,0,Low Risk
STU-4061D44D,MS,F,17,U,LE3,A,Secondary Education,services,other,Portuguese,2,2 to 5 hours,0,0,100.0,15,14,15,14.67,15,Pass,Good,0,Low Risk
STU-33700E51,MS,M,18,U,LE3,T,Primary (4th grade),other,services,Portuguese,1,<2 hours,0,2,97.85,14,13,14,13.67,14,Pass,Good,0,Low Risk
STU-42CD0E75,MS,F,18,U,LE3,T,Primary (4th grade),at_home,services,Portuguese,3,5 to 10 hours,0,0,100.0,19,17,18,18.0,18,Pass,Distinction,-1,Low Risk
STU-09B1F892,MS,F,18,R,LE3,A,5th to 9th grade,at_home,other,Portuguese,2,2 to 5 hours,0,0,100.0,16,15,15,15.33,15,Pass,Good,-1,Low Risk
STU-8D860544,MS,F,18,U,GT3,T,Secondary Education,services,services,Portuguese,2,2 to 5 hours,0,6,93.55,13,12,13,12.67,13,Pass,Satisfactory,0,Low Risk
STU-C73835A0,MS,F,17,U,LE3,T,Higher Education,at_home,at_home,Portuguese,2,2 to 5 hours,0,4,95.7,15,14,15,14.67,15,Pass,Good,0,Low Risk
STU-4A82C4A3,MS,F,17,R,GT3,T,5th to 9th grade,other,services,Portuguese,2,2 to 5 hours,0,0,100.0,13,13,13,13.0,13,Pass,Satisfactory,0,Low Risk
STU-D415BBAC,MS,M,18,R,GT3,T,Secondary Education,at_home,other,Portuguese,2,2 to 5 hours,0,0,100.0,8,10,9,9.0,9,Fail,At-Risk,1,Medium Risk
STU-C96F7513,MS,M,18,U,LE3,T,Higher Education,teacher,services,Portuguese,3,5 to 10 hours,0,0,100.0,15,16,16,15.67,16,Pass,Distinction,1,Low Risk
STU-68EC39A5,MS,F,17,R,GT3,T,Primary (4th grade),other,services,Portuguese,1,<2 hours,1,0,100.0,8,8,9,8.33,9,Fail,At-Risk,1,High Risk
STU-ED2890D4,MS,F,18,U,GT3,T,Secondary Education,at_home,services,Portuguese,1,<2 hours,0,0,100.0,10,10,10,10.0,10,Pass,Satisfactory,0,Low Risk
STU-ED287E8F,MS,F,18,R,GT3,T,Higher Education,other,teacher,Portuguese,2,2 to 5 hours,0,0,100.0,7,5,0,4.0,0,Fail,At-Risk,-7,Medium Risk
STU-D0DDB203,MS,M,18,R,LE3,T,5th to 9th grade,at_home,services,Portuguese,1,<2 hours,0,3,96.77,9,10,10,9.67,10,Pass,Satisfactory,1,Low Risk
STU-48FC5D1C,MS,F,17,U,GT3,T,5th to 9th grade,other,at_home,Portuguese,3,5 to 10 hours,0,8,91.4,10,11,12,11.0,12,Pass,Satisfactory,2,Low Risk
STU-8645C616,MS,F,17,R,GT3,T,5th to 9th grade,other,other,Portuguese,1,<2 hours,0,4,95.7,7,8,9,8.0,9,Fail,At-Risk,2,Medium Risk
STU-C1D8824B,MS,F,18,R,LE3,T,Higher Education,other,other,Portuguese,3,5 to 10 hours,0,0,100.0,15,17,17,16.33,17,Pass,Distinction,2,Low Risk
STU-FE883270,MS,F,18,R,GT3,T,Primary (4th grade),other,other,Portuguese,3,5 to 10 hours,0,4,95.7,10,11,12,11.0,12,Pass,Satisfactory,2,Low Risk
STU-0D90ABEE,MS,F,19,R,GT3,T,Primary (4th grade),at_home,other,Portuguese,2,2 to 5 hours,1,4,95.7,7,8,9,8.0,9,Fail,At-Risk,2,High Risk
STU-9A79F1EE,MS,F,18,R,LE3,T,Higher Education,teacher,services,Portuguese,2,2 to 5 hours,0,1,98.92,13,14,14,13.67,14,Pass,Good,1,Low Risk
STU-523CB612,MS,F,18,U,GT3,T,Secondary Education,other,other,Portuguese,2,2 to 5 hours,0,1,98.92,16,16,16,16.0,16,Pass,Distinction,0,Low Risk
STU-C547C143,MS,F,17,R,GT3,T,Secondary Education,at_home,other,Portuguese,2,2 to 5 hours,0,10,89.25,8,9,9,8.67,9,Fail,At-Risk,1,Medium Risk
STU-8A5579F7,MS,M,18,U,GT3,T,Higher Education,teacher,teacher,Portuguese,2,2 to 5 hours,0,4,95.7,17,18,19,18.0,19,Pass,Distinction,2,Low Risk
STU-84E6366F,MS,M,18,R,GT3,T,5th to 9th grade,other,other,Portuguese,1,<2 hours,0,0,100.0,7,7,0,4.67,0,Fail,At-Risk,-7,Medium Risk
STU-06BDF63B,MS,M,17,U,GT3,T,Secondary Education,other,services,Portuguese,2,2 to 5 hours,0,4,95.7,14,15,16,15.0,16,Pass,Distinction,2,Low Risk
STU-8717E8F0,MS,M,19,R,GT3,T,Primary (4th grade),other,services,Portuguese,1,<2 hours,1,0,100.0,5,8,0,4.33,0,Fail,At-Risk,-5,High Risk
STU-9E51D21F,MS,M,18,R,GT3,T,Higher Education,other,other,Portuguese,1,<2 hours,1,0,100.0,7,7,0,4.67,0,Fail,At-Risk,-7,High Risk
STU-F1CCF36D,MS,F,18,R,GT3,T,5th to 9th grade,at_home,other,Portuguese,3,5 to 10 hours,0,0,100.0,14,17,15,15.33,15,Pass,Good,1,Low Risk
STU-AD83CD91,MS,F,17,U,GT3,T,Higher Education,teacher,other,Portuguese,2,2 to 5 hours,0,0,100.0,6,9,11,8.67,11,Pass,Satisfactory,5,Low Risk
STU-995D869B,MS,F,18,R,GT3,T,Higher Education,teacher,at_home,Portuguese,1,<2 hours,0,4,95.7,7,9,10,8.67,10,Pass,Satisfactory,3,Low Risk
STU-D67573DD,MS,F,19,R,GT3,T,Secondary Education,services,other,Portuguese,3,5 to 10 hours,1,4,95.7,10,11,10,10.33,10,Pass,Satisfactory,0,Medium Risk
STU-6B793CCF,MS,F,18,U,LE3,T,Secondary Education,teacher,services,Portuguese,2,2 to 5 hours,0,4,95.7,15,15,16,15.33,16,Pass,Distinction,1,Low Risk
STU-FA0CCB2F,MS,M,17,U,LE3,T,Secondary Education,services,services,Portuguese,1,<2 hours,0,6,93.55,10,10,10,10.0,10,Pass,Satisfactory,0,Low Risk
STU-D61AD816,MS,M,18,R,LE3,T,Secondary Education,services,other,Portuguese,1,<2 hours,0,4,95.7,10,11,11,10.67,11,Pass,Satisfactory,1,Low Risk
